All Tags,Code,Preview,Tags,,,,,,
pepe,2i,,pepe,animated,eating,popcorn,,,
animated,2j,,pepe,yes,angry,animated,,,
eating,2k,,pepe,no,animated,,,,
popcorn,2l,,pepe,wave,hi,animated,,,
,2m,,beardson,party,dance,excited,happy,,
yes,2n,,beardson,cozy,,,,,
angry,2o,,pepe,chillin,,,,,
no,2p,,jimbo,jughead,,,,,
wave,2q,,jimbo,animated,jughead,,,,
hi,2r,,jimbo,animated,jughead,,,,
beardson,2s,,jimbo,animated,jughead,,,,
party,2t,,jimbo,skateboard,jughead,,,,
dance,2u,,jimbo,jughead,,,,,
excited,2v,,jimbo,jughead,reddit,,,,
happy,2w,,,,,,,,
cozy,2x,,,,,,,,
chillin,2y,,,,,,,,
jimbo,2z,,,,,,,,
jughead,30,,jimbo,jughead,,,,,
skateboard,31,,jimbo,,,,,,
reddit,32,,jimbo,jughead,,,,,
pat,33,,jimbo,jughead,,,,,
headpat,34,,jimbo,jughead,,,,,
shock,35,,pepe,pat,headpat,,,,
surprise,36,,pepe,shock,surprise,,,,
british,37,,pepe,british,fancy,,,,
fancy,38,,pepe,milk,dance,,,,
milk,39,,pepe,wizard,magic,,,,
wizard,3a,,pepe,sweating,popcorn,,,,
magic,3b,,jimbo,dance,,,,,
sweating,3c,,pepe,cozy,blanket,,,,
blanket,3d,,jimbo,leave,leaving,,,,
leave,3e,,jimbo,monster,drinking,,,,
leaving,3f,,jimbo,happy,blush,,,,
monster,3g,,jimbo,cheers,jughead,,,,
drinking,3h,,pepe,blush,,,,,
blush,3i,,pepe,blush,hug,,,,
cheers,3j,,pepe,peepo,love,iloveyou,iloveu,,
hug,3k,,pepe,peepo,angry,torch,tikitorch,,
peepo,3l,,pepe,peepo,hug,,,,
love,3m,,pepe,apu,,,,,
iloveyou,3n,,,,,,,,
iloveu,3o,,pepe,peepo,underwear,,,,
torch,3p,,jimbo,chair,cozy,jughead,,,
tikitorch,3q,,,,,,,,
apu,3r,,pepe,peepo,,,,,
underwear,3s,,,,,,,,
chair,3t,,pepe,peepo,laughing,peepolaugh,,,
laughing,3u,,pepe,singing,microphone,,,,
peepolaugh,3v,,jimbo,toilet,jughead,,,,
singing,3w,,,,,,,,
microphone,3x,,,,,,,,
toilet,3y,,,,,,,,
judge,3z,,,,,,,,
rocking,40,,pepe,judge,,,,,
horns,41,,pepe,rocking,horns,,,,
boseph,42,,boseph,anime,,,,,
anime,43,,,,,,,,
wojak,44,,pepe,wojak,hug,,,,
laugh,45,,pepe,laugh,pepelaugh,,,,
pepelaugh,46,,pepe,peepo,cheering,,,,
cheering,47,,pepe,cozy,chair,,,,
dumb,48,,pepe,apu,dumb,drool,,,
drool,49,,pepe,peepo,angry,knife,,,
knife,4a,,pepo,peepo,jamming,peepojamming,headphones,,
pepo,4b,,pepe,apu,car,driving,,,
jamming,4c,,pepe,peepo,money,,,,
peepojamming,4d,,minion,buff,,,,,
headphones,4e,,pepe,apu,,,,,
car,4f,,pepe,naked,,,,,
driving,4g,,cat,cheers,catcheers,,,,
money,4h,,pepe,apu,karate,,,,
minion,4i,,pepe,peepo,chair,cozy,,,
buff,4j,,pepe,peepo,sheep,costume,,,
naked,4k,,mario,rock,,,,,
cat,4l,,pepe,singing,,,,,
catcheers,4m,,pepe,crying,listening,headphones,music,,
karate,4n,,pepe,typing,typer,hacker,keyboard,,
sheep,4o,,pepe,peepo,sweating,scared,,,
costume,4p,,pepe,yelling,angry,mad,,,
mario,4q,,pepe,tired,coffee,cringe,,,
rock,4r,,pepe,peepo,cat,,,,
crying,4s,,floppa,bigfloppa,,,,,
listening,4t,,,,,,,,
music,4u,,pepe,anticipating,waiting,,,,
typing,4v,,anime,,,,,,
typer,4w,,,,,,,,
hacker,4x,,,,,,,,
keyboard,4y,,,,,,,,
scared,4z,,,,,,,,
yelling,50,,pepe,peepo,jamming,boombox,,,
mad,51,,pepe,peepo,christmas,dance,,,
tired,52,,pepe,peepo,8bit,,,,
coffee,53,,pepe,walking,arriving,,,,
cringe,54,,pepe,rope,suicide,,,,
floppa,55,,pepe,peepo,sad,laptop,,,
bigfloppa,56,,pepe,8bit,hop,,,,
anticipating,57,,pepe,happy,arriving,,,,
waiting,58,,pepe,peepo,flat,squished,,,
boombox,59,,cozy,cozyicon,logo,,,,
christmas,5a,,fortnite,chunli,,,,,
8bit,5b,,anime,hxh,killua,,,,
walking,5c,,simpsons,nedflanders,flanders,,,,
arriving,5d,,pepe,fatpepe,sad,crying,,,
rope,5e,,,,,,,,
suicide,5f,,pepe,fancy,gun,,,,
sad,5g,,pepe,peepo,wizard,magic,,,
laptop,5h,,pepe,upset,crying,sad,,,
hop,5i,,pepe,magnifyingglass,what,inquisitive,,,
flat,5j,,pepe,excited,,,,,
squished,5k,,pepe,drooling,cozy,blanket,,,
cozyicon,5l,,pepe,happy,,,,,
logo,5m,,nick,shocked,nickpog,pog,,,
fortnite,5n,,pepe,popcorn,,,,,
chunli,5o,,pepe,looking,toiletpaper,,,,
hxh,5p,,pepe,fuckjannies,pinned,jannies,cheers,,
killua,5q,,cheeseburger,hamburger,bigmac,,,,
simpsons,5r,,cat,scared,,,,,
nedflanders,5s,,,,,,,,
flanders,5t,,pepe,fortnite,drip,,,,
fatpepe,5u,,monkey,,,,,,
gun,5v,,pepe,cozy,blanket,,,,
upset,5w,,,,,,,,
magnifyingglass,5x,,,,,,,,
what,5y,,,,,,,,
inquisitive,5z,,,,,,,,
drooling,60,,anime,catgirl,dancing,,,,
nick,61,,hitormiss,tiktok,,,,,
shocked,62,,pepe,peepo,showfeet,,,,
nickpog,63,,pepe,fastundiedancing,,,,,
pog,64,,pepe,poggers,,,,,
looking,65,,,,,,,,
toiletpaper,66,,monkey,yelling,screaming,shocked,pog,,
fuckjannies,67,,groyper,,,,,,
pinned,68,,,,,,,,
jannies,69,,pepe,peepo,hug,,,,
cheeseburger,6a,,pepe,exercise,pullup,,,,
hamburger,6b,,anime,hxh,hisoka,,,,
bigmac,6c,,anime,hxh,hisoka,,,,
drip,6d,,davidbowie,,,,,,
monkey,6e,,anime,hxh,hisoka,,,,
catgirl,6f,,,,,,,,
dancing,6g,,bakedalaska,cowboy,,,,,
hitormiss,6h,,,,,,,,
tiktok,6i,,,,,,,,
showfeet,6j,,,,,,,,
fastundiedancing,6k,,,,,,,,
poggers,6l,,,,,,,,
screaming,6m,,bakedalaska,kombucha,booch,,,,
groyper,6n,,,,,,,,
exercise,6o,,,,,,,,
pullup,6p,,,,,,,,
hisoka,6q,,bakedalaska,yoba,,,,,
davidbowie,6r,,,,,,,,
bakedalaska,6s,,anime,waving,kanna,,,,
cowboy,6t,,anime,senko,,,,,
kombucha,6u,,pepe,peepo,toilet,,,,
booch,6v,,pepe,peepo,popcorn,,,,
yoba,6w,,,,,,,,
waving,6x,,,,,,,,
kanna,6y,,,,,,,,
senko,6z,,,,,,,,
bitcoin,70,,bitcoin,,,,,,
trump,71,,trump,,,,,,
bolsonaro,72,,laugh,bolsonaro,,,,,
burger,73,,,,,,,,
clint,74,,burger,,,,,,
eastwood,75,,clint,eastwood,,,,,
santa,76,,santa,dancing,,,,,
airplane,77,,airplane,jet,,,,,
jet,78,,fries,onionrings,,,,,
fries,79,,dog,animated,,,,,
onionrings,7a,,dancing,animated,,,,,
dog,7b,,slapping,,,,,,
slapping,7c,,jesuschrist,,,,,,
jesuschrist,7d,,spongebob,,,,,,
spongebob,7e,,spongebob,dancing,,,,,
tiger,7f,,tiger,,,,,,
chrisfarley,7g,,chrisfarley,,,,,,
patrick,7h,,chrisfarley,,,,,,
squidward,7i,,patrick,dancing,,,,,
turkey,7j,,squidward,,,,,,
elvispresley,7k,,car,,,,,,
tonysoprano,7l,,turkey,,,,,,
sopranos,7m,,elvispresley,,,,,,
pizza,7n,,tonysoprano,sopranos,,,,,
putin,7o,,pizza,,,,,,
thumbsup,7p,,laughing,bolsonaro,,,,,
like,7q,,putin,thumbsup,like,,,,
johnwayne,7r,,johnwayne,,,,,,
melgibson,7s,,melgibson,,,,,,
television,7t,,television,tv,western,,,,
tv,7u,,santa,,,,,,
western,7v,,lifting,,,,,,
lifting,7w,,,,,,,,
cross,7x,,,,,,,,
frog,7y,,,,,,,,
xmen,7z,,,,,,,,
wolverine,80,,cross,,,,,,
robocop,81,,frog,,,,,,
shooting,82,,xmen,wolverine,,,,,
astronaut,83,,xmen,wolverine,,,,,
space,84,,robocop,shooting,,,,,
retarded,85,,squidward,christmas,,,,,
machoman,86,,dog,astronaut,space,,,,
randysavage,87,,anime,retarded,,,,,
thankyou,88,,machoman,randysavage,,,,,
robinwilliams,89,,thankyou,robinwilliams,,,,,
ears,8a,,,,,,,,
icecream,8b,,ears,,,,,,
fultonsheen,8c,,elvispresley,,,,,,
tomcruise,8d,,icecream,,,,,,
sunglasses,8e,,fultonsheen,animated,,,,,
zoomer,8f,,fultonsheen,,,,,,
conspiracy,8g,,tomcruise,,,,,,
tinfoilhat,8h,,cat,sunglasses,jamming,,,,
dabbing,8i,,pepe,peepo,zoomer,,,,
spinning,8j,,pepe,peepo,conspiracy,tinfoilhat,,,
juice,8k,,bakedalaska,yoba,dabbing,,,,
popsicle,8l,,pepe,spinning,juice,,,,
icepop,8m,,,,,,,,
salute,8n,,,,,,,,
jadenmcneil,8o,,pepe,peepo,popsicle,icepop,,,
judasmcneil,8p,,pepe,salute,,,,,
mccheesemoment,8q,,pepe,peepo,yelling,,,,
o7,8r,,jadenmcneil,judasmcneil,mccheesemoment,,,,
shaking,8s,,jadenmcneil,judasmcneil,o7,,,,
tpose,8t,,jadenmcneil,judasmcneil,shaking,tpose,,,
blackpilledagain,8u,,jadenmcneil,judasmcneil,gun,shooting,,,
smoking,8v,,jadenmcneil,judasmcneil,cozy,,,,
cigarette,8w,,,,,,,,
snowing,8x,,,,,,,,
guns,8y,,,,,,,,
bigchilling,8z,,,,,,,,
chilling,90,,monkey,,,,,,
booling,91,,jadenmcneil,judasmcneil,,,,,
vomiting,92,,jadenmcneil,judasmcneil,shaking,,,,
sick,93,,jadenmcneil,judasmcneil,,,,,
skypemonkey,94,,jadenmcneil,judasmcneil,blackpilledagain,,,,
clubpenguin,95,,jadenmcneil,judasmcneil,,,,,
penguin,96,,pepe,pepelaugh,laughing,,,,
violin,97,,pepe,smoking,cigarette,,,,
pointing,98,,pepe,cozy,blanket,snowing,,,
sleeping,99,,pepe,8bit,cowboy,guns,,,
letsgo,9a,,pepe,blanket,cozy,,,,
simp,9b,,pepe,dancing,dance,milk,,,
retard,9c,,pepe,bigchilling,chilling,booling,,,
kirby,9d,,pepe,vomiting,sick,,,,
kylerittenhouse,9e,,jadenmcneil,judasmcneil,,,,,
border,9f,,jadenmcneil,judasmcneil,,,,,
joker,9g,,eating,,,,,,
americanpsycho,9h,,monkey,skypemonkey,,,,,
patrickbateman,9i,,cat,,,,,,
alexjones,9j,,pepe,headphones,music,jamming,apu,,
crabdance,9k,,pepe,headphones,music,jamming,,,
crabrave,9l,,clubpenguin,penguin,violin,music,,,
obama,9m,,pepe,peepo,juice,,,,
gone,9n,,pepe,pointing,,,,,
shrek,9o,,pepe,peepo,sleeping,tired,,,
crusader,9p,,pepe,juice,,,,,
megaman,9q,,,,,,,,
pointingright,9r,,letsgo,,,,,,
pointright,9s,,jadenmcneil,judasmcneil,,,,,
pointingleft,9t,,simp,pepe,peepo,,,,
pointleft,9u,,retard,pepe,peepo,,,,
hunterbiden,9v,,kirby,jamming,music,,,,
quagmire,9w,,,,,,,,
franssen,9x,,,,,,,,
huh,9y,,,,,,,,
glownigger,9z,,,,,,,,
feds,a0,,kylerittenhouse,border,,,,,
rage,a1,,,,,,,,
peperage,a2,,joker,,,,,,
lasers,a3,,,,,,,,
whitepilled,a4,,,,,,,,
ryangosling,a5,,,,,,,,
bladerunner,a6,,,,,,,,
itssoover,a7,,,,,,,,
peepohappy,a8,,,,,,,,
vincejames,a9,,,,,,,,
clownworld,aa,,americanpsycho,patrickbateman,,,,,
nomnomnom,ab,,alexjones,,,,,,
pepehands,ac,,,,,,,,
peeposad,ad,,,,,,,,
cheer,ae,,,,,,,,
coronavirus,af,,cross,,,,,,
washinghands,ag,,jadenmcneil,judasmcneil,,,,,
covid,ah,,pepe,peepo,tired,,,,
middlefinger,ai,,,,,,,,
georgefloyd,aj,,pepe,peepo,happy,,,,
vincentjames,ak,,pepe,shocked,poggers,,,,
afpac,al,,crabdance,crabrave,obama,gone,dancing,,
vincnetjames,am,,,,,,,,
michellemalkin,an,,,,,,,,
samhyde,ao,,,,,,,,
biden,ap,,,,,,,,
joebiden,aq,,shrek,,,,,,
german,ar,,pepe,apu,crusader,,,,
chad,as,,pepe,apu,dancing,,,,
based,at,,,,,,,,
despair,au,,,,,,,,
blackpilled,av,,,,,,,,
troll,aw,,,,,,,,
trollge,ax,,,,,,,,
canadafirst,ay,,,,,,,,
cf,az,,,,,,,,
canada,b0,,,,,,,,
punching,b1,,,,,,,,
mexican,b2,,,,,,,,
saxophone,b3,,,,,,,,
fire,b4,,,,,,,,
pajamas,b5,,,,,,,,
hacking,b6,,,,,,,,
bounce,b7,,pepe,pepelaugh,laughing,,,,
paranormal,b8,,anime,,,,,,
pants,b9,,anime,salute,,,,,
handrub,ba,,anime,,,,,,
billgates,bb,,groyper,megaman,,,,,
vaccine,bc,,pointingright,pointright,,,,,
gulag,bd,,pointingleft,pointleft,,,,,
benshapiro,be,,hunterbiden,smoking,,,,,
israel,bf,,quagmire,toilet,,,,,
derekchauvin,bg,,franssen,,,,,,
kneeling,bh,,vomiting,,,,,,
thatsracist,bi,,pepe,huh,what,,,,
trumpnod,bj,,franssen,8bit,,,,,
nodding,bk,,glownigger,feds,,,,,
trumpcorrect,bl,,pepe,rage,peperage,lasers,,,
correct,bm,,whitepilled,,,,,,
dj,bn,,ryangosling,bladerunner,itssoover,,,,
drumset,bo,,pepe,peepo,happy,peepohappy,,,
maracas,bp,,pepe,waiting,anticipating,,,,
fat,bq,,nick,,,,,,
full,br,,vincejames,,,,,,
yummy,bs,,pepe,clownworld,dancing,,,,
boxing,bt,,pepo,peepo,cheering,,,,
cigar,bu,,pepe,eating,nomnomnom,,,,
stare,bv,,pepe,pepehands,crying,,,,
staring,bw,,,,,,,,
sign,bx,,,,,,,,
crypto,by,,,,,,,,
sherlock,bz,,,,,,,,
detective,c0,,pepe,peepo,sad,peeposad,,,
peeking,c1,,pepe,peepo,cheer,,,,
curious,c2,,pepe,coronavirus,washinghands,covid,,,
pepega,c3,,pepe,middlefinger,,,,,
creditcard,c4,,georgefloyd,,,,,,
buy,c5,,vincentjames,afpac,,,,,
pogchamp,c6,,vincnetjames,michellemalkin,,,,,
pepejam,c7,,vincentjames,,,,,,
depressed,c8,,vincentjames,,,,,,
diamondsword,c9,,vincentjames,,,,,,
minecraft,ca,,vincentjames,,,,,,
blushing,cb,,pepe,apu,fancy,,,,
santahat,cc,,,,,,,,
burningflag,cd,,pepe,scared,,,,,
prideflag,ce,,pepe,peepo,cheering,,,,
gayflag,cf,,samhyde,,,,,,
hitler,cg,,pepe,pepelaugh,laughing,,,,
nein,ch,,wojak,whitepilled,,,,,
jew,ci,,biden,joebiden,,,,,
bullets,cj,,german,chad,,,,,
snack,ck,,based,,,,,,
shooter,cl,,cringe,,,,,,
asian,cm,,despair,blackpilled,wojak,,,,
soyjak,cn,,troll,trollge,,,,,
old,co,,canadafirst,cf,,,,,
boomer,cp,,o7,salute,canada,,,,
beethoven,cq,,pepe,punching,,,,,
flurk,cr,,,,,,,,
stonetoss,cs,,,,,,,,
shootthisman,ct,,,,,,,,
killthisman,cu,,pepe,mexican,,,,,
grilling,cv,,pepe,peepo,,,,,
bongos,cw,,,,,,,,
emoji,cx,,,,,,,,
3d,cy,,,,,,,,
gunrange,cz,,,,,,,,
kai,d0,,poggers,pepe,,,,,
idaho,d1,,pepe,cheers,jannies,,,,
twitterisfuckinggay,d2,,pepe,scared,gun,,,,
jabba,d3,,pepe,apu,saxophone,music,,,
pitvipers,d4,,,,,,,,
prayer,d5,,,,,,,,
yobapray,d6,,pepe,peepo,laughing,,,,
horse,d7,,pepe,fire,angry,,,,
yoha,d8,,pepe,scared,peepo,popcorn,,,
yobahorse,d9,,pepe,pajamas,dancing,apu,,,
yoma,da,,pepe,hacker,hacking,typing,typer,,
trollface,db,,pepe,bounce,,,,,
yobatroll,dc,,,,,,,,
loulz,dd,,paranormal,pants,,,,,
yobamode,de,,pepe,handrub,,,,,
doge,df,,billgates,vaccine,,,,,
womanmoment,dg,,gulag,pepe,peepo,,,,
nigga,dh,,benshapiro,dancing,israel,,,,
robbing,di,,israel,dancing,,,,,
black,dj,,derekchauvin,kneeling,,,,,
run,dk,,kylerittenhouse,,,,,,
steal,dl,,thatsracist,,,,,,
bibble,dm,,trumpnod,nodding,,,,,
shotgun,dn,,trumpcorrect,correct,,,,,
shoot,do,,billgates,,,,,,
wurzelroot,dp,,trump,,,,,,
kaiclips,dq,,pepe,dj,,,,,
anthonyfauci,dr,,squidward,dancing,,,,,
drevil,ds,,,,,,,,
pie,dt,,pepe,apu,drumset,,,,
thatlittleguy,du,,pepe,apu,mexican,maracas,dancing,,
bird,dv,,pepe,fat,full,yummy,,,
puke,dw,,,,,,,,
saber,dx,,,,,,,,
jeghead,dy,,,,,,,,
gon,dz,,,,,,,,
kurapika,e0,,pepe,boxing,peepo,,,,
leorio,e1,,pepe,fancy,cigar,,,,
spurdo,e2,,nick,pog,,,,,
beaver,e3,,pepe,cozy,blanket,,,,
clap,e4,,pepe,stare,staring,,,,
raining,e5,,cringe,pepe,peepo,sign,,,
pooping,e6,,pepe,peepo,crypto,,,,
running,e7,,groyper,,,,,,
honkler,e8,,pepe,peepo,sleeping,,,,
smileyface,e9,,pepe,sherlock,detective,,,,
spitting,ea,,pepe,chair,peeking,,,,
cerealguy,eb,,pepe,cross,scared,,,,
onion,ec,,pepe,magnifyingglass,peepo,curious,,,
soyface,ed,,pepe,hacker,hacking,typer,typing,,
punishedsnake,ee,,pepe,pepega,creditcard,buy,,,
nicelogicalfallicy,ef,,pepe,peepo,cozy,blanket,,,
gigachad,eg,,pog,poggers,pogchamp,,,,
napoleon,eh,,pepe,pepejam,jamming,,,,
npc,ei,,pepe,peepo,anime,laptop,,,
spiderman,ej,,,,,,,,
tobeymaguire,ek,,clownworld,pepe,depressed,tired,,,
centurion,el,,,,,,,,
nobodycares.,em,,,,,,,,
doog,en,,pepe,diamondsword,minecraft,,,,
happy6th!,eo,,pepe,peepo,laptop,blanket,,,
patriotday,ep,,pepe,blushing,blanket,cozy,,,
minecraftbee,eq,,,,,,,,
ban,er,,pepe,cozy,blanket,coffee,christmas,santahat,
afpaciii,es,,,,,,,,
afpac3,et,,monkey,drip,,,,,
bigchillin,eu,,pepe,waiting,anticipating,,,,
pinkchillin,ev,,burningflag,prideflag,gayflag,,,,
gab.com,ew,,,,,,,,
ux,ex,,,,,,,,
duck,ey,,,,,,,,
smile,ez,,,,,,,,
lookingaround,f0,,vincejames,,,,,,
maozedong,f1,,hitler,nein,,,,,
hillaryclinton,f2,,jew,israel,,,,,
bitch,f3,,pepe,cozy,blanket,,,,
sniffing,f4,,bullets,,,,,,
smelling,f5,,pepe,apu,,,,,
pedophile,f6,,pepe,apu,hug,,,,
daltonclodfelter,f7,,,,,,,,
butt,f8,,pepo,yummy,eating,snack,,,
booty,f9,,,,,,,,
joetheboomer,fa,,shooter,asian,,,,,
mobster,fb,,shooter,,,,,,
italian,fc,,shooter,suicide,,,,,
credo!,fd,,wojak,angry,,,,,
creedo!,fe,,soyjak,wojak,,,,,
sneedo!,ff,,wojak,old,boomer,,,,
pogo,fg,,hitler,cheers,,,,,
laurenwitzke,fh,,,,,,,,
chimp,fi,,beethoven,,,,,,
god,fj,,flurk,stonetoss,shooter,,,,
tranny,fk,,shootthisman,killthisman,,,,,
secretaryofhealth,fl,,grilling,,,,,,
andrewtorba,fm,,bongos,emoji,3d,,,,
let'sgooooooo,fn,,shooting,gunrange,,,,,
lfgoooooooo,fo,,kai,huh,what,,,,
letsgooooooo,fp,,pepe,peepo,,,,,
jasonmiller,fq,,,,,,,,
gettr,fr,,,,,,,,
watda,fs,,idaho,,,,,,
bruh,ft,,,,,,,,
scam,fu,,,,,,,,
hanged,fv,,,,,,,,
hanging,fw,,,,,,,,
it'ssoover,fx,,,,,,,,
williethejanitor,fy,,,,,,,,
sweeping,fz,,,,,,,,
ravekid,g0,,,,,,,,
dancingboy,g1,,,,,,,,
redpilled,g2,,,,,,,,
inspecting,g3,,,,,,,,
inspector,g4,,,,,,,,
hammer,g5,,,,,,,,
coomer,g6,,,,,,,,
cooming,g7,,bakedalaska,twitterisfuckinggay,,,,,
turtle,g8,,jabba,pitvipers,yoba,,,,
blackwivesmatter,g9,,bakedalaska,prayer,yobapray,,,,
feet,ga,,,,,,,,
ilovejesus,gb,,,,,,,,
iheartjesus,gc,,,,,,,,
sus,gd,,,,,,,,
okay,ge,,bakedalaska,horse,yoha,yobahorse,,,
whitepower,gf,,bakedalaska,yoma,minion,,,,
jerry,gg,,,,,,,,
triggered,gh,,,,,,,,
bookcat,gi,,bakedalaska,trollface,yobatroll,,,,
alexanderhamilton,gj,,,,,,,,
reading,gk,,loulz,,,,,,
neirautomata,gl,,,,,,,,
2b,gm,,,,,,,,
caramelldansen,gn,,,,,,,,
fbi,go,,,,,,,,
canadaianlivesmatter,gp,,yobamode,bakedalaska,,,,,
chill,gq,,,,,,,,
gay,gr,,yoba,bakedalaska,,,,,
gaay,gs,,,,,,,,
gaaay,gt,,pepe,,,,,,
ha,gu,,pepe,music,listening,,,,
kick,gv,,doge,womanmoment,,,,,
confederate,gw,,,,,,,,
rubbing,gx,,,,,,,,
hands,gy,,,,,,,,
lick,gz,,,,,,,,
tongue,h0,,pepe,cozy,,,,,
woman,h1,,nigga,robbing,black,run,steal,,
riot,h2,,bibble,black,,,,,
iamhomophobic,h3,,,,,,,,
football,h4,,boseph,,,,,,
pokimane,h5,,,,,,,,
ouryounggenerationisclearlylostman,h6,,boseph,gun,,,,,
ppp,h7,,shotgun,trollface,,,,,
lesbian,h8,,gun,shoot,wurzelroot,,,,
fawking,h9,,based,pepe,,,,,
pussy,ha,,cat,,,,,,
peoplespopulistpress,hb,,monkey,,,,,,
conquistador,hc,,monkey,,,,,,
usa,hd,,trollface,trollge,,,,,
flag,he,,,,,,,,
tariqnasheed,hf,,trollface,kaiclips,,,,,
queenelizabeth,hg,,,,,,,,
queenofengland,hh,,,,,,,,
F,hi,,anthonyfauci,drevil,,,,,
pusheen,hj,,,,,,,,
indian,hk,,pie,,,,,,
tears,hl,,pie,,,,,,
axolotl,hm,,pie,,,,,,
popping,hn,,thatlittleguy,bird,,,,,
mug,ho,,pepe,,,,,,
afmug,hp,,pepe,grilling,,,,,
americafirstmug,hq,,pepe,retarded,,,,,
cow,hr,,pepe,cowboy,,,,,
caeserslegion,hs,,pepe,puke,vomiting,,,,
cry,ht,,anime,santahat,,,,,
dontbehatin,hu,,anime,santahat,,,,,
don'tbehatin,hv,,anime,santahat,,,,,
sun,hw,,,,,,,,
russian,hx,,,,,,,,
slav,hy,,,,,,,,
icecube,hz,,,,,,,,
dawndishsoap,i0,,anime,santahat,saber,,,,
real,i1,,anime,santahat,,,,,
checkmark,i2,,pepe,jeghead,jughead,,,,
donaldtrump,i3,,anime,hxh,gon,,,,
boomeralert,i4,,anime,hxh,gon,,,,
sloth,i5,,anime,hxh,gon,,,,
prettygood,i6,,anime,hxh,gon,,,,
spacelizard,i7,,anime,hxh,gon,,,,
tenryo,i8,,anime,hxh,hisoka,,,,
f,i9,,anime,hxh,hisoka,,,,
trovo,ia,,anime,hxh,hisoka,,,,
christianbale,ib,,anime,hxh,hisoka,,,,
ratio,ic,,anime,hxh,,,,,
jojo,id,,anime,hxh,killua,,,,
facesmash,ie,,anime,hxh,killua,,,,
evangelion,if,,anime,hxh,killua,,,,
scottthewoz,ig,,anime,hxh,killua,,,,
michaelalberto,ih,,anime,hxh,killua,,,,
mari,ii,,anime,hxh,kurapika,,,,
albertobarbosa,ij,,anime,hxh,kurapika,,,,
wewuz,ik,,anime,hxh,kurapika,,,,
smug,il,,anime,hxh,kurapika,,,,
grin,im,,anime,hxh,kurapika,,,,
shinji,in,,anime,hxh,leorio,,,,
luckystar,io,,anime,hxh,leorio,,,,
konata,ip,,anime,hxh,leorio,,,,
lain,iq,,anime,hxh,leorio,,,,
catfren,ir,,anime,hxh,leorio,,,,
eyes,is,,anime,hxh,killua,,,,
booba,it,,womanmoment,retarded,,,,,
trsartor,iu,,spurdo,beaver,,,,,
kingshit,iv,,pepe,clap,,,,,
orderofsocialantiquity,iw,,,,,,,,
osa,ix,,,,,,,,
rape,iy,,,,,,,,
mrkrabs,iz,,,,,,,,
hugging,j0,,pepe,popcorn,,,,,
nickfuentes,j1,,pepe,punching,,,,,
yellowshorts,j2,,pepe,raining,sad,,,,
slime,j3,,pepe,angry,mad,,,,
azumangadaioh,j4,,pepe,toilet,pooping,,,,
chiyo,j5,,pepe,cheer,,,,,
paultown,j6,,pepe,running,,,,,
soyciety,j7,,pepe,clownworld,honkler,,,,
society,j8,,smileyface,yes,nodding,,,,
thejoker,j9,,spitting,cerealguy,,,,,
k-on,ja,,onion,dance,,,,,
yui,jb,,beardson,soyface,,,,,
fumo,jc,,,,,,,,
devil,jd,,punishedsnake,o7,salute,,,,
jimhalpert,je,,,,,,,,
theoffice,jf,,nicelogicalfallicy,,,,,,
picklerick,jg,,gigachad,,,,,,
iamhappy,jh,,napoleon,,,,,,
ducttape,ji,,soyface,npc,,,,,
stickfigure,jj,,soyface,npc,,,,,
what'supwoozuh,jk,,,,,,,,
whatsupwoozuh,jl,,,,,,,,
woozuh,jm,,,,,,,,
jared,jn,,,,,,,,
ninjaghini,jo,,,,,,,,
ninjagini,jp,,spiderman,tobeymaguire,,,,,
lamborghini,jq,,pepe,cheers,,,,,
ninjet,jr,,chad,,,,,,
jetplane,js,,centurion,,,,,,
ethanralph,jt,,npc,,,,,,
marching,ju,,,,,,,,
soldier,jv,,trump,nobodycares.,,,,,
tedkaczynski,jw,,,,,,,,
drtheodorekaczynski,jx,,,,,,,,
we'reback,jy,,,,,,,,
weback,jz,,,,,,,,
wereback,k0,,biden,,,,,,
weresoback,k1,,cringe,,,,,,
we'resoback,k2,,based,,,,,,
itisthesecret,k3,,,,,,,,
book.paul.town,k4,,,,,,,,
yobasbeentoldya,k5,,,,,,,,
stfuchat,k6,,doog,waving,,,,,
shutthefuckupchat,k7,,doog,itssoover,,,,,
wegottoococky,k8,,pepe,8bit,,,,,
yobabros,k9,,pepe,minecraft,,,,,
louistheroux,ka,,happy6th!,patriotday,,,,,
nose,kb,,happy6th!,patriotday,,,,,
utya,kc,,minecraftbee,,,,,,
duckass,kd,,,,,,,,
duckbutt,ke,,,,,,,,
twerking,kf,,,,,,,,
itsover,kg,,,,,,,,
it'sover,kh,,,,,,,,
caprisun,ki,,,,,,,,
thisismindgames,kj,,,,,,,,
hedon'tmiss,kk,,,,,,,,
hedontmiss,kl,,,,,,,,
japanese,km,,,,,,,,
girl,kn,,,,,,,,
sip,ko,,,,,,,,
girlyou'refunny,kp,,,,,,,,
girlyourfunny,kq,,,,,,,,
snake,kr,,,,,,,,
eatingitsowntail,ks,,,,,,,,
eatingitself,kt,,,,,,,,
ouroboros,ku,,,,,,,,
autisticchildarea,kv,,,,,,,,
clapping,kw,,,,,,,,
takemymoney,kx,,,,,,,,
lauging,ky,,,,,,,,
banhammer,kz,,,,,,,,
copium,l0,,,,,,,,
cockroach,l1,,,,,,,,
wink,l2,,,,,,,,
ibakedyouapie,l3,,,,,,,,
incelbtw,l4,,,,,,,,
munch,l5,,,,,,,,
happymerchant,l6,,,,,,,,
rugrats,l7,,,,,,,,
stewpickles,l8,,,,,,,,
vladimirputin,l9,,,,,,,,
z,la,,,,,,,,
baileythenationalistdog,lb,,,,,,,,
ironman,lc,,,,,,,,
rdj,ld,,,,,,,,
robertdowneyjr,le,,,,,,,,
emo,lf,,,,,,,,
areyouenjoyingtheshow?,lg,,,,,,,,
zyzz,lh,,,,,,,,
normmacdonald,li,,,,,,,,
good,lj,,,,,,,,
jockowillink,lk,,,,,,,,
oranges,ll,,,,,,,,
wolf,lm,,,,,,,,
howling,ln,,,,,,,,
patrickhowley,lo,,,,,,,,
groypergamingpointslost,lp,,,,,,,,
doit,lq,,,,,,,,
palpatine,lr,,,,,,,,
starwars,ls,,,,,,,,
kenobi,lt,,,,,,,,
hellothere,lu,,,,,,,,
sitting,lv,,,,,,,,
patting,lw,,,,,,,,
andherewego,lx,,,,,,,,
rapegroyper,ly,,,,,,,,
incel,lz,,,,,,,,
christpilled,m0,,,,,,,,
iamincel,m1,,,,,,,,
L,m2,,,,,,,,
fornite,m3,,,,,,,,
#1victoryroyale,m4,,,,,,,,
minions,m5,,,,,,,,
darthsidious,m6,,,,,,,,
babyyoda,m7,,,,,,,,
charliekirk,m8,,,,,,,,
smallface,m9,,,,,,,,
really?,ma,,,,,,,,
king,mb,,,,,,,,
afa,mc,,,,,,,,
plantruster,md,,,,,,,,
trusttheplan,me,,,,,,,,
ttp,mf,,,,,,,,
fnf,mg,,,,,,,,
jumpscare,mh,,,,,,,,
ralphamale,mi,,,,,,,,
cumklips,mj,,,,,,,,
mormonsdrinkcum,mk,,,,,,,,
asuka,ml,,,,,,,,
kagami,mm,,,,,,,,
exhausted,mn,,,,,,,,
dragonballz,mo,,,,,,,,
dbz,mp,,,,,,,,
vegeta,mq,,,,,,,,
faggot,mr,,,,,,,,
bundleofsticks,ms,,,,,,,,
cozytv,mt,,,,,,,,
cozy.tv,mu,,,,,,,,
umbrella,mv,,,,,,,,
legs,mw,,,,,,,,
bugsbunny,mx,,,,,,,,
bigchungus,my,,,,,,,,
atombomb,mz,,,,,,,,
explosion,n0,,,,,,,,
tsarbomba,n1,,,,,,,,
hbomb,n2,,,,,,,,
atomicbomb,n3,,,,,,,,
mushroomcloud,n4,,,,,,,,
arnoldschwarzenegger,n5,,,,,,,,
ha!,n6,,,,,,,,
technicaldifficulties,n7,,,,,,,,
keepcalmjesusisking,n8,,,,,,,,
christisking,n9,,,,,,,,
fallout,na,,,,,,,,
shutupbitch,nb,,,,,,,,
heterogamer,nc,,,,,,,,
chillpill,nd,,,,,,,,
justtrollin,ne,,,,,,,,
donaldduck,nf,,,,,,,,
credo,ng,,,,,,,,
americafirst,nh,,,,,,,,
af,ni,,,,,,,,
approved,nj,,,,,,,,
dinosaur,nk,,,,,,,,
trex,nl,,,,,,,,
tyrannosaurus,nm,,,,,,,,
driver,nn,,,,,,,,
mountain,no,,,,,,,,
ultros,np,,,,,,,,
nekoarc,nq,,pepe,scared,gun,,,,
flamenco,nr,,,,,,,,
fagmenco,ns,,,,,,,,
blacklagoon,nt,,pepe,wave,,,,,
revy,nu,,pepe,cringe,,,,,
rezero,nv,,pepe,pooping,,,,,
rem,nw,,,,,,,,
monogatari,nx,,,,,,,,
snail,ny,,,,,,,,
chika,nz,,,,,,,,
terrydavis,o0,,ban,pepe,,,,,
cia,o1,,afpaciii,afpac3,,,,,
templeos,o2,,,,,,,,
darksidephil,o3,,,,,,,,
dsp,o4,,jughead,bigchillin,pinkchillin,pepe,,,
persona,o5,,,,,,,,
konosuba,o6,,frog,gab.com,,,,,
megumin,o7,,ux,minecraft,duck,,,,
mothermary,o8,,pepe,boxing,,,,,
pope,o9,,pepe,,,,,,
liltimmy,oa,,spongebob,smile,,,,,
let'sgetprovoked,ob,,spongebob,lookingaround,,,,,
letsgetprovoked,oc,,joebiden,maozedong,,,,,
gamer,od,,hillaryclinton,bitch,,,,,
fun,oe,,joebiden,sniffing,smelling,pedophile,,,
kimjongun,of,,,,,,,,
northkorea,og,,daltonclodfelter,shooting,gun,,,,
i'mbricked,oh,,minion,butt,booty,,,,
imbricked,oi,,,,,,,,
ohiostate,oj,,pepe,groyper,,,,,
sparkle,ok,,groyper,joetheboomer,mobster,wurzelroot,italian,,
can'twait,ol,,,,,,,,
cantwait,om,,credo!,creedo!,sneedo!,,,,
don'tbehatin',on,,credo!,creedo!,sneedo!,,,,
dontbehating,oo,,credo!,creedo!,sneedo!,,,,
fax,op,,credo!,creedo!,sneedo!,,,,
facts,oq,,anime,,,,,,
TRUE,or,,anime,,,,,,
fighting,os,,anime,,,,,,
please,ot,,anime,,,,,,
positivevibes,ou,,anime,,,,,,
basedtm,ov,,pepe,mexican,,,,,
#replealthe19th,ow,,,,,,,,
provokedbro,ox,,,,,,,,
dontblameme,oy,,,,,,,,
don'tblameautism,oz,,,,,,,,
sonic,p0,,pogo,,,,,,
thinking,p1,,anime,,,,,,
yurucamp,p2,,spongebob,canadafirst,,,,,
shima,p3,,onion,,,,,,
shoeonhead,p4,,joebiden,sniffing,smelling,laurenwitzke,,,
momo,p5,,chimp,monkey,,,,,
adolfhitler,p6,,chimp,monkey,,,,,
rave,p7,,cross,god,jesuschrist,,,,
glasses,p8,,tranny,secretaryofhealth,,,,,
starofdavid,p9,,,,,,,,
interdasting,pa,,gab.com,andrewtorba,,,,,
interesting,pb,,ux,duck,,,,,
telescope,pc,,ux,duck,,,,,
train,pd,,anime,shocked,,,,,
fishing,pe,,anime,,,,,,
darkmaga,pf,,anime,,,,,,
punished,pg,,minion,,,,,,
future!,ph,,gab.com,doog,,,,,
americfirst,pi,,gab.com,,,,,,
clock,pj,,groyper,,,,,,
stoning,pk,,jesuschrist,,,,,,
reeeeeee,pl,,frog,gab.com,gun,,,,
jesseleepeterson,pm,,let'sgooooooo,lfgoooooooo,letsgooooooo,,,,
jlp,pn,,frog,gab.com,thumbsup,,,,
you'reabeta,po,,jasonmiller,gettr,,,,,
beta,pp,,watda,frog,gab.com,,,,
girlname,pq,,gigachad,gab.com,,,,,
stewpeters,pr,,frog,gab.com,bruh,,,,
stewcrew,ps,,gab.com,frog,,,,,
youhavetogoback,pt,,gab.com,frog,,,,,
statueofliberty,pu,,,,,,,,
realeyes,pv,,pepe,scam,,,,,
realize,pw,,,,,,,,
reallies,px,,,,,,,,
tupacshakur,py,,,,,,,,
amazintarbaby,pz,,,,,,,,
slaverywasachoice,q0,,pepe,hanged,hanging,sad,itssoover,it'ssoover,
kanyewest,q1,,,,,,,,
heblack,q2,,williethejanitor,simpsons,sweeping,,,,
whatyoudoing,q3,,ravekid,dancingboy,,,,,
starsandbars,q4,,gigachad,,,,,,
talorswift,q5,,redpilled,,,,,,
o/,q6,,based,,,,,,
roman,q7,,typing,typer,,,,,
malikobaba,q8,,sad,pepe,,,,,
muhammadali,q9,,wave,pepe,,,,,
colinkaepernick,qa,,pepe,shooting,gun,,,,
nancypelosi,qb,,pepe,inspecting,inspector,magnifyingglass,looking,,
resistance,qc,,pepe,retarded,,,,,
whitesupremacy,qd,,pepe,hammer,,,,,
killsblackpeople,qe,,pepe,boxing,,,,,
deattotheracists,qf,,coomer,cooming,,,,,
jej!!!,qg,,turtle,,,,,,
dumpit,qh,,retarded,,,,,,
bogdanoff,qi,,retarded,,,,,,
thebogs,qj,,jughead,pepelaugh,,,,,
reallynigga,qk,,,,,,,,
alsharpton,ql,,jughead,jimbo,,,,,
billclinton,qm,,jughead,jimbo,,,,,
heblat,qn,,blackwivesmatter,daltonclodfelter,,,,,
wutda!,qo,,alexjones,smelling,sniffing,feet,,,
whatda,qp,,,,,,,,
beta!,qq,,o7,vincejames,,,,,
plays,qr,,laurenwitzke,,,,,,
arsonist,qs,,,,,,,,
flames,qt,,ilovejesus,iheartjesus,,,,,
goodmorning,qu,,jesuschrist,,,,,,
jesuslovesyou,qv,,onion,laurenwitzke,,,,,
mylittlepony,qw,,,,,,,,
brony,qx,,,,,,,,
mlp,qy,,,,,,,,
rainbowdash,qz,,,,,,,,
dunce,r0,,,,,,,,
frown,r1,,sus,spongebob,,,,,
cool,r2,,pepe,okay,whitepower,,,,
80s,r3,,,,,,,,
pigger,r4,,laughing,jerry,,,,,
paypig,r5,,laughing,,,,,,
afro,r6,,simp,pepe,,,,,
sweetback,r7,,triggered,pepe,,,,,
gorilla,r8,,,,,,,,
tank,r9,,,,,,,,
lasereyes,ra,,bookcat,alexanderhamilton,,,,,
vs,rb,,bookcat,reading,,,,,
edheadsriseup,rc,,beardson,,,,,,
angelsarebeing,rd,,anime,neirautomata,2b,dancing,caramelldansen,,
morewhitebabies,re,,beardson,,,,,,
shower,rf,,pepe,mad,angry,,,,
bugman,rg,,pepe,,,,,,
jews,rh,,pepe,,,,,,
elmo,ri,,groyper,fbi,,,,,
burkanow,rj,,pepe,jamming,,,,,
silencewoman,rk,,pepe,dancing,,,,,
backbencher,rl,,typer,typing,,,,,
veyta,rm,,canadaianlivesmatter,daltonclodfelter,,,,,
trans,rn,,chill,smileyface,,,,,
veronica,ro,,trollge,,,,,,
smash,rp,,gay,gaay,gaaay,ha,,,
pass,rq,,trump,kick,gay,confederate,,,
cwc,rr,,based,redpilled,,,,,
culturewarcriminal,rs,,,feet,,,,,
fuckyou,rt,,jew,rubbing,hands,,,,
gayta,ru,,lick,tongue,,,,,
burka,rv,,kick,woman,,,,,
dasrite,rw,,,,,,,,
flemenco,rx,,,,,,,,
crp,ry,,,,,,,,
coachredpill,rz,,,,,,,,
tokyoghoul,s0,,tikitorch,pepe,riot,,,,
kaneki,s1,,sus,,,,,,
grug,s2,,iamhomophobic,football,,,,,
bigbrain,s3,,feet,pokimane,,,,,
lmao,s4,,georgefloyd,ouryounggenerationisclearlylostman,,,,,
followbakedalaska,s5,,,,,,,,
arms,s6,,daltonclodfelter,popcorn,,,,,
handshake,s7,,simpsons,,,,,,
brothers,s8,,ppp,fat,lesbian,fawking,pussy,peoplespopulistpress,
patrickstar,s9,,,,,,,,
supersaiyan,sa,,,,,,,,
goku,sb,,,,,,,,
fingerpointing,sc,,conquistador,,,,,,
howlergang,sd,,black,womanmoment,clap,,,,
mrmetokur,se,,usa,flag,,,,,
mistermetokur,sf,,,,,,,,
jimmetokur,sg,,,,,,,,
medicare,sh,,,,,,,,
hbdflam,si,,black,womanmoment,,,,,
happybirthdayflam,sj,,black,tariqnasheed,,,,,
pig,sk,,,,,,,,
elonmusk,sl,,queenelizabeth,queenofengland,,,,,
bigtech,sm,,jew,,,,,,
seal,sn,,,,,,,,
walrus,so,,F,,,,,,
n,sp,,bookcat,pusheen,,,,,
brittany,sq,,bookcat,pusheen,,,,,
politicallyprovoked,sr,,bookcat,pusheen,,,,,
pp,ss,,indian,crying,tears,,,,
grimace,st,,axolotl,popping,,,,,
aflogo,su,,,,,,,,
evil,sv,,gab.com,mug,,,,,
andywarski,sw,,,,,,,,
spam,sx,,,,,,,,
trumpet,sy,,,,,,,,
drums,sz,,,,,,,,
worried,t0,,afmug,americafirstmug,,,,,
women=property,t1,,,,,,,,
tall,t2,,cow,bookcat,caeserslegion,,,,
goose,t3,,gab.com,frog,cry,,,,
poop,t4,,gab.com,frog,o7,,,,
pelican,t5,,gab.com,frog,okay,,,,
handsomesquidward,t6,,,,,,,,
wemadeit,t7,,,,,,,,
wagmi,t8,,,,,,,,
wgmi,t9,,dontbehatin,don'tbehatin,,,,,
racing,ta,,sun,,,,,,
lean,tb,,black,dancing,,,,,
leanhead,tc,,russian,slav,,,,,
juicebox,td,,icecube,,,,,,
kawaii,te,,dawndishsoap,,,,,,
cute,tf,,,,,,,,
shy,tg,,,,,,,,
left,th,,real,checkmark,,,,,
lean ,ti,,alexjones,,,,,,
boogie2988,tj,,donaldtrump,smile,,,,,
openfire,tk,,boomeralert,,,,,,
rarity,tl,,hamburger,,,,,,
tree,tm,,,,,,,,
chicken,tn,,usa,sloth,prettygood,,,,
gn,to,,trollge,,,,,,
fucku,tp,,spacelizard,astronaut,,,,,
chatlikedthat,tq,,,,,,,,
rpg,tr,,smileyface,crying,,,,,
redpillgamingtv,ts,,tenryo,nigga,,,,,
redpillgangtv,tt,,f,,,,,,
rpgtv,tu,,fbi,anime,,,,,
flower,tv,,,,,,,,
crystalball,tw,,,,,,,,
smiling,tx,,,,,,,,
N,ty,,,,,,,,
fokiss,tz,,,,,,,,
stitch,u0,,smile,trovo,,,,,
stewworldorder,u1,,pepe,laughing,,,,,
vaticancity,u2,,kaiclips,americanpsycho,patrickbateman,christianbale,,,
catholic,u3,,kaiclips,cross,,,,,
deusvult,u4,,anime,ratio,jojo,,,,
modernist,u5,,pepe,sad,,,,,
absolutelyantilogos,u6,,anime,facesmash,jojo,,,,
emichaeljones,u7,,,,,,,,
dremj,u8,,,,,,,,
bishop,u9,,anime,o7,,,,,
stewcrewalwayswins,ua,,penguin,evangelion,,,,,
stewwick,ub,,scottthewoz,michaelalberto,,,,,
ballsareonthetable,uc,,anime,evangelion,mari,,,,
stewwill,ud,,albertobarbosa,michaelalberto,wewuz,,,,
collectingbounty,ue,,donaldtrump,smug,,,,,
standingdown,uf,,dog,,,,,,
standingby,ug,,doge,grin,,,,,
bpf,uh,,samhyde,,,,,,
bigpapafacist,ui,,evangelion,shinji,itssoover,,,,
baldassnigga,uj,,anime,luckystar,konata,cheering,,,
baldandstrong,uk,,anime,luckystar,konata,,,,
martinluthur,ul,,anime,lain,smug,,,,
protestant,um,,soyface,,,,,,
arresthim,un,,catfren,,,,,,
arrestheem,uo,,doog,,,,,,
tesla,up,,doog,,,,,,
whiteoutside,uq,,doog,,,,,,
elijahschaffer,ur,,groyper,cheers,,,,,
timpool,us,,groyper,sunglasses,,,,,
millenialmatt,ut,,groyper,eyes,booba,,,,
rei,uu,,pepe,,,,,,
bricks,uv,,pepe,,,,,,
brickedup,uw,,,,,,,,
provokedpilled,ux,,,,,,,,
manul,uy,,,,,,,,
welcome,uz,,,,,,,,
rat,v0,,trsartor,,,,,,
welcom,v1,,,,,,,,
dalejones,v2,,,,,,,,
tylerrussell,v3,,,,,,,,
calculator,v4,,,,,,,,
earth,v5,,,,,,,,
world,v6,,pepe,,,,,,
globe,v7,,pepe,,,,,,
nativeamericans,v8,,pepe,,,,,,
bewareofforeigninfluence,v9,,chillin,,,,,,
skeleton,va,,kingshit,,,,,,
bible,vb,,pepe,,,,,,
snoopy,vc,,,,,,,,
woodstock,vd,,jadenmcneil,judasmcneil,,,,,
peanuts,ve,,jadenmcneil,judasmcneil,,,,,
boat,vf,,orderofsocialantiquity,osa,trsartor,,,,
bomber,vg,,anime,kaiclips,jojo,,,,
someonetalked!,vh,,spongebob,rape,mrkrabs,,,,
whitehistorymonth,vi,,,,,,,,
octopus,vj,,afpaciii,afpac3,,,,,
sneed,vk,,,,,,,,
informationawarenessoffice,vl,,cat,hugging,,,,,
iao,vm,,nickfuentes,yellowshorts,,,,,
tarnseele,vn,,sherlock,doog,,,,,
scroogemcduck,vo,,pepe,,,,,,
taste_o7,vp,,albertobarbosa,michaelalberto,,,,,
robot,vq,,slime,dancing,,,,,
nothingisbeyondourreach,vr,,anime,azumangadaioh,chiyo,,,,
percival,vs,,paultown,soyciety,society,,,,
gary,vt,,,,,,,,
hulkhogan,vu,,smoking,,,,,,
hollywoodhogan,vv,,donaldtrump,thejoker,,,,,
guitar,vw,,,,,,,,
wendell,vx,,,,,,,,
wendeii,vy,,,,,,,,
bouncing,vz,,,,,,,,
hopping,w0,,,,,,,,
thanos,w1,,,,,,,,
berserk,w2,,,,,,,,
guts,w3,,,,,,,,
nickrekieta,w4,,,,,,,,
rekietalaw,w5,,,,,,,,
wendy,w6,,,,,,,,
kingknub,w7,,,,,,,,
kingnub,w8,,,,,,,,
americanspirit,w9,,,,,,,,
cigarettes,wa,,,,,,,,
k,wb,,,,,,,,
killstream,wc,,,,,,,,
talktothehand,wd,,,,,,,,
hahaclassic,we,,,,,,,,
priest,wf,,,,,,,,
father,wg,,,,,,,,
sandwich,wh,,,,,,,,
spinningfood,wi,,,,,,,,
spinny,wj,,,,,,,,
kiss,wk,,,,,,,,
stayer,wl,,,,,,,,
kicking,wm,,,,,,,,
blueeyeswhitedragon,wn,,,,,,,,
yugioh,wo,,,,,,,,
kaiba,wp,,,,,,,,
destroyed,wq,,,,,,,,
phone,wr,,,,,,,,
ag,ws,,,,,,,,
wutda,wt,,,,,,,,
funkopop,wu,,,,,,,,
lg4l,wv,,,,,,,,
heart,ww,,,,,,,,
scrapplegang,wx,,,,,,,,
wakup!!,wy,,,,,,,,
homelander,wz,,,,,,,,
theboys,x0,,,,,,,,
genshinimpact,x1,,,,,,,,
klee,x2,,,,,,,,
missile,x3,,,,,,,,
lovecraft,x4,,,,,,,,
benny,x5,,,,,,,,
omeglenow,x6,,,,,,,,
shawn,x7,,,,,,,,
pepsilogo,x8,,,,,,,,
walterwhite,x9,,,,,,,,
breakingbad,xa,,,,,,,,
it'sma'am,xb,,,,,,,,
itsmam,xc,,,,,,,,
hollywoodbibble,xd,,,,,,,,
kingbob,xe,,,,,,,,
nickcage,xf,,,,,,,,
nicholascage,xg,,,,,,,,
cheshirecat,xh,,,,,,,,
nekoatsume,xi,,,,,,,,
distress,xj,,,,,,,,
ragecomic,xk,,,,,,,,
thevoices,xl,,,,,,,,
schizophrenia,xm,,,,,,,,
thinkitdreamitdoit,xn,,,,,,,,
thispostwasfactcheckedbyrealamericanpatriots,xo,,,,,,,,
thispostisforcozytvmembersonly,xp,,,,,,,,
cozyplus,xq,,,,,,,,
cozysubscribers,xr,,,,,,,,
cozypremium,xs,,,,,,,,
thismessageisonlyforcozytvsubscribers,xt,,,,,,,,
countryballs,xu,,,,,,,,
greeceball,xv,,,,,,,,
serbiaball,xw,,,,,,,,
russiaball,xx,,,,,,,,
gatortime,xy,,,,,,,,
kinocasino,xz,,,,,,,,
obese,y0,,,,,,,,
warski,y1,,,,,,,,
manlet,y2,,,,,,,,
yobacursebitch,y3,,,,,,,,
fedbtw,y4,,,,,,,,
noeggs,y5,,,,,,,,
emptyeggcarton,y6,,,,,,,,
wholechicken,y7,,,,,,,,
kitty,y8,,,,,,,,
kitten,y9,,,,,,,,
flailing,ya,,,,,,,,
punchwomen,yb,,,,,,,,
monero,yc,,,,,,,,
cryptocurrency,yd,,,,,,,,
americanflag,ye,,,,,,,,
ww2,yf,,,,,,,,
deporthim,yg,,,,,,,,
deported,yh,,,,,,,,
nope,yi,,,,,,,,
suffer,yj,,,,,,,,
repealthe19th,yk,,,,,,,,
19thamendment,yl,,,,,,,,
provokeme,ym,,,,,,,,
skip,yn,,,,,,,,
christianity,yo,,,,,,,,
idiot,yp,,,,,,,,
yobagang,yq,,,,,,,,
yg4l,yr,,,,,,,,
pepereading,ys,,,,,,,,
apureading,yt,,,,,,,,
apuglasses,yu,,,,,,,,
bear,yv,,,,,,,,
pepebear,yw,,,,,,,,
bearpepe,yx,,,,,,,,
bearpepenewspaper,yy,,,,,,,,
newspaper,yz,,,,,,,,
newspaperbearpepe,z0,,,,,,,,
catjumping,z1,,,,,,,,
jumpingcat,z2,,,,,,,,
catgenerator,z3,,,,,,,,
joekentiscia,z4,,,,,,,,
monkeypajamas,z5,,,,,,,,
catstaring,z6,,,,,,,,
catstare,z7,,,,,,,,
catweird,z8,,,,,,,,
weirdcat,z9,,,,,,,,
nuke,za,,,,,,,,
nuclearbomb,zb,,,,,,,,
thinkingass,zc,,,,,,,,
thinkass,zd,,,,,,,,
goodnight,ze,,,,,,,,
southerndingo,zf,,,,,,,,
thisispreposterous,zg,,,,,,,,
emj,zh,,,,,,,,
logos,zi,,,,,,,,
yobacat,zj,,,,,,,,
sonicgang,zk,,,,,,,,
tailsgang,zl,,,,,,,,
bingus,zm,,,,,,,,
smugpepe,zn,,,,,,,,
chikken,zo,,,,,,,,
rapezone,zp,,,,,,,,
sadge,zq,,,,,,,,
sademoji,zr,,,,,,,,
3demojisad,zs,,,,,,,,
alijamal1776,zt,,,,,,,,
ttgxhw,zu,,,,,,,,
tiktokgroyper,zv,,,,,,,,
harriswalker,zw,,,,,,,,
piratepeepo,zx,,,,,,,,
yobadance,zy,,,,,,,,
themostcanceledmaninamerica,zz,,,,,,,,
purpleguy,100,,anime,k-on,yui,cozy,,,
basedbrandt,101,,anime,fumo,,,,,
afpepsi,102,,smileyface,feet,,,,,
pepsinitro,103,,devil,,,,,,
cozyplays,104,,devil,pepe,,,,,
pikachu,105,,anime,,,,,,
snorlax,106,,pepe,laughing,,,,,
pokemon,107,,,,,,,,
pepethefrog,108,,cat,,,,,,
pokeballs,109,,npc,,,,,,
squirtle,10a,,cat,,,,,,
pokemonsquirtle,10b,,penguin,,,,,,
getoutfrog,10c,,smileyface,feet,,,,,
rainbowfrog,10d,,jimhalpert,theoffice,minion,,,,
trumplasereyes,10e,,anime,picklerick,,,,,
surprisedpikachu,10f,,,,,,,,
pokemonwartortle,10g,,smileyface,iamhappy,,,,,
pikachugun,10h,,,,,,,,
ivysaur,10i,,,,,,,,
pokemonsnorlax,10j,,pepe,dancing,,,,,
pokemongastly,10k,,alexjones,ducttape,,,,,
pokemoncharizard,10l,,alexjones,,,,,,
thisismichaelalberto,10m,,alexjones,,,,,,
livemichaelalbertoreaction,10n,,alexjones,,,,,,
basharalassad,10o,,alexjones,,,,,,
pokemonblastoise,10p,,alexjones,,,,,,
pokemonvenusaur,10q,,alexjones,,,,,,
pokemondratini,10r,,wizard,,,,,,
pokemonmagicarp,10s,,pepe,dancing,,,,,
pokemonmachamp,10t,,,,,,,,
pokemontentacool,10u,,dog,,,,,,
pokemonslowpoke,10v,,stickfigure,pointing,cerealguy,,,,
pokemonseel,10w,,,,,,,,
seel,10x,,,,,,,,
startbutton,10y,,,,,,,,
lapras,10z,,,,,,,,
pokemongo,110,,stickfigure,spitting,cerealguy,,,,
michaelalbertomcdonalds,111,,pepe,what'supwoozuh,whatsupwoozuh,,,,
selectbutton,112,,woozuh,jared,,,,,
bbutton,113,,,,,,,,
pressb,114,,woozuh,ninjaghini,ninjagini,lamborghini,,,
abutton,115,,woozuh,ninjet,jetplane,airplane,,,
pressa,116,,what'supwoozuh,whatsupwoozuh,,,,,
articuno,117,,mrkrabs,spongebob,rape,,,,
nicktheknife,118,,ethanralph,ethanralph,,,,,
joeprich,119,,ethanralph,ethanralph,,,,,
knockedout,11a,,ethanralph,ethanralph,,,,,
ko,11b,,alexjones,,,,,,
peeing,11c,,alexjones,,,,,,
liberals,11d,,,,,,,,
,11e,,pepe,marching,soldier,,,,
,11f,,,,,,,,
,11g,,tedkaczynski,drtheodorekaczynski,,,,,
,11h,,,,,,,,
,11i,,we'reback,weback,wereback,weresoback,we'resoback,,
,11j,,woman,,,,,,
,11k,,itisthesecret,book.paul.town,paultown,,,,
,11l,,dog,dancing,,,,,
,11m,,letsgooooooo,let'sgooooooo,letsgo,,,,
,11n,,yobasbeentoldya,gigachad,,,,,
,11o,,we'reback,weback,wereback,weresoback,we'resoback,,
,11p,,yoba,stfuchat,shutthefuckupchat,,,,
,11q,,it'ssoover,itssoover,wegottoococky,yobabros,,,
,11r,,,,,,,,
,11s,,,,,,,,
,11t,,louistheroux,nose,,,,,
,11u,,dancing,pepe,,,,,
,11v,,,,,,,,
,11w,,,,,,,,
,11x,,,,,,,,
,11y,,,,,,,,
,11z,,,,,,,,
,120,,utya,duckass,duckbutt,twerking,,,
,121,,itsover,itssoover,it'sover,it'ssoover,,,
,122,,,,,,,,
,123,,,,,,,,
,124,,cat,,,,,,
,125,,anime,k-on,yui,,,,
,126,,monkey,caprisun,drinking,,,,
,127,,anime,dancing,,,,,
,128,,,,,,,,
,129,,anime,dancing,nodding,yes,,,
,12a,,anime,,,catgirl,,,
,12b,,anime,k-on,yui,,,,
,12c,,thisismindgames,paultown,,,,,
,12d,,,,,,,,
,12e,,smileyface,,,,,,
,12f,,cat,,,,,,
,12g,,spongebob,hedon'tmiss,hedontmiss,,,,
,12h,,devil,groyper,,,,,
,12i,,japanese,girl,woman,sip,,,
,12j,,girlyou'refunny,girlyourfunny,,,,,
,12k,,snake,soyjak,eatingitsowntail,eatingitself,ouroboros,,
,12l,,cozy,pepe,,,,,
,12m,,autisticchildarea,sign,,,,,
,12n,,pepe,eating,popcorn,,,,
,12o,,,,,,,,
,12p,,,,,,,,
,12q,,pepe,waving,,,,,
,12r,,pepe,angry,mad,,,,
,12s,,pepe,sweating,,,,,
,12t,,pepe,music,listening,,,,
,12u,,clapping,,,,,,
,12v,,takemymoney,pepe,creditcard,,,,
,12w,,,,,,,,
,12x,,,,,,,,
,12y,,,,,,,,
,12z,,,,,,,,
,130,,pepe,lauging,,,,,
,131,,kirby,dancing,,,,,
,132,,dancing,nigga,black,,,,
,133,,pogo,laughing,,,,,
,134,,dancingboy,ravekid,,,,,
,135,,pepe,,,,,,
,136,,pepe,animated,,,,,
,137,,banhammer,,,,,,
,138,,cat,dancing,nodding,,,,
,139,,copium,pepe,,,,,
,13a,,cat,popping,,,,,
,13b,,cat,bigfloppa,jamming,,,,
,13c,,animated,dancing,cockroach,,,,
,13d,,nigga,,,,,,
,13e,,pepe,cozy,happy,,,,
,13f,,,,,,,,
,13g,,pepe,dancing,,,,,
,13h,,bigfloppa,cat,,,,,
,13i,,cat,8bit,,,,,
,13j,,pepe,cheering,cheers,wink,,,
,13k,,ibakedyouapie,tiktok,,,,,
,13l,,,,,,,,
,13m,,yoba,,,,,,
,13n,,incelbtw,,,,,,
,13o,,,,,,,,
,13p,,anime,k-on,yui,munch,,,
,13q,,,,,,,,
,13r,,,,,,,,
,13s,,,,,,,,
,13t,,jew,cowboy,,,,,
,13u,,woozuh,jew,happymerchant,,,,
,13v,,rugrats,stewpickles,,,,,
,13w,,,,,,,,
,13x,,,,,,,,
,13y,,,,,,,,
,13z,,,,,,,,
,140,,canadafirst,vladimirputin,z,cf,,,
,141,,canadafirst,baileythenationalistdog,cf,,,,
,142,,,,,,,,
,143,,ironman,rdj,robertdowneyjr,,,,
,144,,spongebob,emo,,,,,
,145,,donaldtrump,areyouenjoyingtheshow?,,,,,
,146,,zyzz,dancing,letsgo,,,,
,147,,dancing,,,,,,
,148,,normmacdonald,munch,,,,,
,149,,good,jockowillink,,,,,
,14a,,cat,munch,,,,,
,14b,,nickfuentes,oranges,,,,,
,14c,,groyper,,,,,,
,14d,,gigachad,,,,,,
,14e,,spongebob,,,,,,
,14f,,pepe,tired,,,,,
,14g,,pepe,dancing,,,,,
,14h,,pepe,sad,dancing,,,,
,14i,,pepe,dancing,happy,excited,,,
,14j,,,,,,,,
,14k,,wolf,howling,patrickhowley,,,,
,14l,,donaldtrump,pointing,,,,,
,14m,,groypergamingpointslost,,,,,,
,14n,,doit,palpatine,starwars,,,,
,14o,,joebiden,,,,,,
,14p,,,,,,,,
,14q,,kenobi,hellothere,,,,,
,14r,,pepe,chair,sitting,,,,
,14s,,pepe,patting,,,,,
,14t,,groyper,,,,,,
,14u,,pepe,cozy,chair,blanket,,,
,14v,,honkler,clownworld,,,,,
,14w,,,,,,,,
,14x,,,,,,,,
,14y,,,,,,,,
,14z,,,,,,,,
,150,,pepe,listening,music,,,,
,151,,bigchillin,music,listening,,,,
,152,,groyper,nickfuentes,,,,,
,153,,pepe,mad,angry,,,,
,154,,thejoker,dancing,,,,,
,155,,thejoker,,,,,,
,156,,,,,,,,
,157,,thejoker,andherewego,,,,,
,158,,,,,,,,
,159,,honkler,clownworld,,,,,
,15a,,rapegroyper,,,,,,
,15b,,cross,,,,,,
,15c,,incel,,,,,,
,15d,,nickfuentes,jamming,,,,,
,15e,,donaldtrump,,,,,,
,15f,,donaldtrump,,,,,,
,15g,,christpilled,,,,,,
,15h,,donaldtrump,,,,,,
,15i,,zoomer,,,,,,
,15j,,iamincel,,,,,,
,15k,,fortnite,dancing,L,,,,
,15l,,fornite,#1victoryroyale,,,,,
,15m,,#1victoryroyale,,,,,,
,15n,,trollge,grin,,,,,
,15o,,trollface,,,,,,
,15p,,pepe,listening,music,,,,
,15q,,jasonmiller,gettr,,,,,
,15r,,,,,,,,
,15s,,minions,cheering,,,,,
,15t,,minions,,,,,,
,15u,,palpatine,darthsidious,,,,,
,15v,,pepe,laughing,,,,,
,15w,,,,,,,,
,15x,,,,,,,,
,15y,,,,,,,,
,15z,,,,,,,,
,160,,,,,,,,
,161,,pepe,laughing,,,,,
,162,,pepe,cozy,happy,,,,
,163,,anime,k-on,yui,burger,munch,,
,164,,,,,,,,
,165,,nickfuentes,,,,,,
,166,,minions,,,,,,
,167,,nickfuentes,,,,,,
,168,,soyjak,soyface,,,,,
,169,,babyyoda,,,,,,
,16a,,,,,,,,
,16b,,duckass,duckass,twerking,dancing,animated,,
,16c,,charliekirk,smallface,,,,,
,16d,,dancing,,,,,,
,16e,,really?,,,,,,
,16f,,laughing,king,,,,,
,16g,,,,,,,,
,16h,,afa,,,,,,
,16i,,nickfuentes,,,,,,
,16j,,pepe,chair,sitting,,,,
,16k,,trollface,,,,,,
,16l,,pepe,cheers,wink,,,,
,16m,,,,,,,,
,16n,,,,,,,,
,16o,,,,,,,,
,16p,,duckass,duckbutt,twerking,dancing,,,
,16q,,duckbutt,duckass,twerking,dancing,utya,,
,16r,,tobeymaguire,spiderman,,,,,
,16s,,screaming,kaiclips,,,,,
,16t,,,,,,,,
,16u,,,,,,,,
,16v,,,,,,,,
,16w,,,,,,,,
,16x,,,,,,,,
,16y,,,,,,,,
,16z,,,,,,,,
,170,,plantruster,trusttheplan,ttp,,,,
,171,,georgefloyd,nigga,,,,,
,172,,,,,,,,
,173,,vincejames,duckass,duckbutt,dancing,,,
,174,,fnf,jumpscare,,,,,
,175,,money,dancing,,,,,
,176,,vladimirputin,wink,smile,,,,
,177,,,,,,,,
,178,,pepe,hugging,,,,,
,179,,ethanralph,ralphamale,,,,,
,17a,,ethanralph,ralphamale,,,,,
,17b,,ethanralph,ralphamale,,,,,
,17c,,ethanralph,ralphamale,,,,,
,17d,,ethanralph,ralphamale,,,,,
,17e,,ethanralph,ralphamale,,,,,
,17f,,pepe,,,,,,
,17g,,tikitorch,pepe,mad,angry,,,
,17h,,clapping,,,,,,
,17i,,eyes,,,,,,
,17j,,vladimirputin,,,,,,
,17k,,,,,,,,
,17l,,kaiclips,cumklips,mormonsdrinkcum,,,,
,17m,,daltonclodfelter,thejoker,,,,,
,17n,,,,,,,,
,17o,,,,,,,,
,17p,,ux,twerking,,,,,
,17q,,ux,,,,,,
,17r,,ux,waving,,,,,
,17s,,ux,,,,,,
,17t,,nickfuentes,,,,,,
,17u,,anime,evangelion,asuka,smug,,,
,17v,,anime,luckystar,konata,smug,,,
,17w,,,,,,,,
,17x,,,,,,,,
,17y,,,,,,,,
,17z,,,,,,,,
,180,,anime,luckystar,konata,smug,,,
,181,,anime,luckystar,kagami,laughing,,,
,182,,anime,luckystar,konata,exhausted,,,
,183,,,,,,,,
,184,,anime,dragonballz,dbz,kneeling,vegeta,,
,185,,anime,boseph,,,,,
,186,,anime,boseph,,,,,
,187,,babyyoda,,,,,,
,188,,faggot,bundleofsticks,,,,,
,189,,megaman,,,,,,
,18a,,bookcat,gun,pusheen,,,,
,18b,,cozytv,cozyicon,cozy.tv,,,,
,18c,,daltonclodfelter,o7,,,,,
,18d,,anime,boseph,,,,,
,18e,,trsartor,,,,,,
,18f,,,,,,,,
,18g,,nigga,umbrella,,,,,
,18h,,gun,,,,,,
,18i,,pepe,legs,,,,,
,18j,,soyface,,,,,,
,18k,,,,,,,,
,18l,,,,,,,,
,18m,,,,,,,,
,18n,,,,,,,,
,18o,,,,,,,,
,18p,,,,,,,,
,18q,,,,,,,,
,18r,,,,,,,,
,18s,,,,,,,,
,18t,,,,,,,,
,18u,,,,,,,,
,18v,,dabbing,,,,,,
,18w,,,,,,,,
,18x,,,,,,,,
,18y,,,,,,,,
,18z,,,,,,,,
,190,,,,,,,,
,191,,pepe,mexican,,,,,
,192,,pepe,gun,shooting,,,,
,193,,no,bugsbunny,bugsbunny,bigchungus,,,
,194,,patrickhowley,yelling,,,,,
,195,,atombomb,explosion,tsarbomba,hbomb,atomicbomb,mushroomcloud,
,196,,screaming,yelling,arnoldschwarzenegger,,,,
,197,,ha!,gay,gaay,gaaay,,,
,198,,technicaldifficulties,,,,,,
,199,,z,,,,,,
,19a,,keepcalmjesusisking,christisking,,,,,
,19b,,jesuschrist,,,,,,
,19c,,,,,,,,
,19d,,,,,,,,
,19e,,fallout,pointing,,,,,
,19f,,z,,,,,,
,19g,,shutupbitch,king,donaldtrump,,,,
,19h,,heterogamer,,,,,,
,19i,,smileyface,,,,,,
,19j,,beardson,,,,,,
,19k,,beardson,,,,,,
,19l,,chillpill,,,,,,
,19m,,,,,,,,
,19n,,cat,sunglasses,,,,,
,19o,,justtrollin,trollface,,,,,
,19p,,ux,,,,,,
,19q,,,,,,,,
,19r,,,,,,,,
,19s,,donaldtrump,dancing,,,,,
,19t,,donaldtrump,,,,,,
,19u,,nickfuentes,,,,,,
,19v,,cross,,,,,,
,19w,,,,,,,,
,19x,,,,,,,,
,19y,,,,,,,,
,19z,,,,,,,,
,1a0,,cross,,,,,,
,1a1,,groyper,dancing,,,,,
,1a2,,money,,,,,,
,1a3,,donaldduck,money,,,,,
,1a4,,credo,donaldtrump,,,,,
,1a5,,americafirst,af,flag,,,,
,1a6,,vladimirputin,,,,,,
,1a7,,,,,,,,
,1a8,,vladimirputin,,,,,,
,1a9,,donaldtrump,,,,,,
,1aa,,donaldtrump,approved,,,,,
,1ab,,donaldtrump,,,,,,
,1ac,,donaldtrump,,,,,,
,1ad,,smileyface,,,,,,
,1ae,,dinosaur,trex,tyrannosaurus,,,,
,1af,,driver,ryangosling,,,,,
,1ag,,driver,ryangosling,,,,,
,1ah,,driver,ryangosling,,,,,
,1ai,,christianbale,,,,,,
,1aj,,bladerunner,,,,,,
,1ak,,bladerunner,,,,,,
,1al,,,,,,,,
,1am,,,,,,,,
,1an,,,,,,,,
,1ao,,,,,,,,
,1ap,,mountain,,,,,,
,1aq,,,,,,,,
,1ar,,ryangosling,,,,,,
,1as,,,,,,,,
,1at,,,,,,,,
,1au,,christianbale,,,,,,
,1av,,thejoker,,,,,,
,1aw,,,,,,,,
,1ax,,,,,,,,
,1ay,,,,,,,,
,1az,,,,,,,,
,1b0,,nickfuentes,,,,,,
,1b1,,nickfuentes,,,,,,
,1b2,,nickfuentes,,,,,,
,1b3,,nickfuentes,,,,,,
,1b4,,,,,,,,
,1b5,,king,ultros,,,,,
,1b6,,anime,,,,,,
,1b7,,anime,,,,,,
,1b8,,anime,nekoarc,nodding,,,,
,1b9,,anime,,,,,,
,1ba,,nekoarc,,dancing,,,,
,1bb,,flamenco,fagmenco,dancing,,,,
,1bc,,anime,blacklagoon,revy,shooting,,,
,1bd,,smileyface,,,,,,
,1be,,,,,,,,
,1bf,,,,,,,,
,1bg,,anime,rezero,rem,,,,
,1bh,,anime,monogatari,snail,okay,,,
,1bi,,anime,,chika,,,,
,1bj,,,,,,,,
,1bk,,anime,,,,,,
,1bl,,bigfloppa,,,,,,
,1bm,,bigfloppa,,,,,,
,1bn,,anime,,,laughing,,,
,1bo,,,,,,,,
,1bp,,terrydavis,cia,glownigger,templeos,,,
,1bq,,darksidephil,dsp,,,,,
,1br,,anime,persona,,,,,
,1bs,,anime,persona,,,,,
,1bt,,jughead,,,,,,
,1bu,,slime,,,,,,
,1bv,,anime,konosuba,megumin,,,,
,1bw,,,,,,,,
,1bx,,,,,,,,
,1by,,,,,,,,
,1bz,,,,,,,,
,1c0,,,,,,,,
,1c1,,mothermary,,,,,,
,1c2,,,,,,,,
,1c3,,jesuschrist,,,,,,
,1c4,,pope,,,,,,
,1c5,,spongebob,,,,,,
,1c6,,liltimmy,,,,,,
,1c7,,groyper,,,,,,
,1c8,,let'sgetprovoked,letsgetprovoked,,,,,
,1c9,,pepe,gamer,,,,,
,1ca,,fun,honkler,clownworld,,,,
,1cb,,kimjongun,northkorea,,,,,
,1cc,,,,,,,,
,1cd,,,,,,,,
,1ce,,,,,,,,
,1cf,,anime,hi,,,,,
,1cg,,daltonclodfelter,i'mbricked,imbricked,,,,
,1ch,,anime,okay,,,,,
,1ci,,anime,no,,,,,
,1cj,,ohiostate,,,,,,
,1ck,,anime,,,,,,
,1cl,,anime,,,,,,
,1cm,,anime,,,,,,
,1cn,,anime,sparkle,,,,,
,1co,,anime,,,,,,
,1cp,,pepe,eating,popcorn,,,,
,1cq,,retarded,pepe,,,,,
,1cr,,gulag,pepe,,,,,
,1cs,,thatsracist,nigga,,,,,
,1ct,,pepe,listening,music,,,,
,1cu,,pepe,clapping,,,,,
,1cv,,ban,pepe,,,,,
,1cw,,,,,,,,
,1cx,,,,,,,,
,1cy,,,,,,,,
,1cz,,,,,,,,
,1d0,,can'twait,cantwait,dog,,,,
,1d1,,based,,,,,,
,1d2,,don'tbehatin',dontbehating,,,,,
,1d3,,boomeralert,,,,,,
,1d4,,chillpill,smileyface,,,,,
,1d5,,iamhomophobic,football,,,,,
,1d6,,F,dancing,,,,,
,1d7,,ratio,anime,,,,,
,1d8,,hedon'tmiss,hedontmiss,spongebob,,,,
,1d9,,banhammer,,,,,,
,1da,,doit,palpatine,,,,,
,1db,,justtrollin,trollface,,,,,
,1dc,,pepe,gun,shooting,,,,
,1dd,,nickfuentes,,,,,,
,1de,,duckass,duckbutt,twerking,utya,,,
,1df,,babyyoda,,,,,,
,1dg,,pepelaugh,,,,,,
,1dh,,duckass,duckbutt,twerking,utya,,,
,1di,,fax,facts,TRUE,real,,,
,1dj,,thejoker,dancing,,,,,
,1dk,,pepe,fighting,punching,,,,
,1dl,,groyper,cheers,,,,,
,1dm,,please,,,,,,
,1dn,,cat,please,,,,,
,1do,,drevil,,,,,,
,1dp,,drevil,,,,,,
,1dq,,positivevibes,,,,,,
,1dr,,basedtm,,,,,,
,1ds,,#replealthe19th,,,,,,
,1dt,,,,,,,,
,1du,,,,,,,,
,1dv,,provokedbro,,,,,,
,1dw,,,,,,,,
,1dx,,,,,,,,
,1dy,,,,,,,,
,1dz,,,,,,,,
,1e0,,dontblameme,don'tblameautism,,,,,
,1e1,,sonic,thinking,,,,,
,1e2,,technicaldifficulties,,,,,,
,1e3,,anime,yurucamp,shima,,,,
,1e4,,woman,,,,,,
,1e5,,fun,spongebob,,,,,
,1e6,,groyper,cheers,,,,,
,1e7,,gigachad,based,,,,,
,1e8,,based,,,,,,
,1e9,,shoeonhead,momo,,,,,
,1ea,,adolfhitler,rave,dancing,,,,
,1eb,,tikitorch,pepe,mad,angry,,,
,1ec,,,,,,,,
,1ed,,pepe,listening,music,,,,
,1ee,,pepe,inspecting,inspector,glasses,magnifyingglass,,
,1ef,,jew,starofdavid,,,,,
,1eg,,,,,,,,
,1eh,,pepe,gun,,,,,
,1ei,,fbi,,,,,,
,1ej,,interdasting,interesting,magnifyingglass,telescope,looking,,
,1ek,,cross,pepe,scared,,,,
,1el,,train,,,,,,
,1em,,fishing,pepe,,,,,
,1en,,really?,,,,,,
,1eo,,donaldtrump,darkmaga,punished,,,,
,1ep,,,,,,,,
,1eq,,,,,,,,
,1er,,gun,shooting,,,,,
,1es,,,,,,,,
,1et,,future!,squidward,,,,,
,1eu,,americfirst,,,,,,
,1ev,,slapping,,,,,,
,1ew,,,,,,,,
,1ex,,,,,,,,
,1ey,,,,,,,,
,1ez,,,,,,,,
,1f0,,anime,,,,,,
,1f1,,ux,,,,,,
,1f2,,,,,,,,
,1f3,,minecraft,,,,,,
,1f4,,clock,,,,,,
,1f5,,stoning,,,,,,
,1f6,,reeeeeee,,,,,,
,1f7,,thatsracist,,,,,,
,1f8,,,,,,,,
,1f9,,,,,,,,
,1fa,,jesseleepeterson,jlp,,,,,
,1fb,,,,,,,,
,1fc,,you'reabeta,jesseleepeterson,jlp,,,,
,1fd,,beta,,,,,,
,1fe,,girlname,,,,,,
,1ff,,donaldtrump,,,,,,
,1fg,,stewpeters,stewcrew,,,,,
,1fh,,youhavetogoback,statueofliberty,gun,,,,
,1fi,,realeyes,realize,reallies,tupacshakur,,,
,1fj,,amazintarbaby,,,,,,
,1fk,,slaverywasachoice,kanyewest,,,,,
,1fl,,sun,donaldtrump,,,,,
,1fm,,thatsracist,,,,,,
,1fn,,heblack,,,,,,
,1fo,,jlp,jesseleepeterson,,,,,
,1fp,,jesuschrist,whatyoudoing,,,,,
,1fq,,confederate,flag,starsandbars,,,,
,1fr,,,,,,,,
,1fs,,talorswift,o/,roman,,,,
,1ft,,okay,malikobaba,,,,,
,1fu,,,,,,,,
,1fv,,okay,muhammadali,,,,,
,1fw,,,,,,,,
,1fx,,,,,,,,
,1fy,,,,,,,,
,1fz,,,,,,,,
,1g0,,okay,pope,,,,,
,1g1,,okay,colinkaepernick,,,,,
,1g2,,okay,nancypelosi,,,,,
,1g3,,donaldtrump,smile,smug,,,,
,1g4,,resistance,flag,,,,,
,1g5,,,,,,,,
,1g6,,anime,,,,,,
,1g7,,mexican,crying,,,,,
,1g8,,,,,,,,
,1g9,,whitesupremacy,killsblackpeople,sign,,,,
,1ga,,,,,,,,
,1gb,,,,,,,,
,1gc,,deattotheracists,sign,,,,,
,1gd,,,,,,,,
,1ge,,paultown,jej!!!,,,,,
,1gf,,dumpit,bogdanoff,thebogs,,,,
,1gg,,ux,sip,,,,,
,1gh,,ux,reallynigga,,,,,
,1gi,,okay,alsharpton,,,,,
,1gj,,okay,billclinton,,,,,
,1gk,,heblat,heblack,,,,,
,1gl,,wutda!,watda,whatda,,,,
,1gm,,astronaut,,,,,,
,1gn,,flag,usa,,,,,
,1go,,technicaldifficulties,jlp,jesseleepeterson,,,,
,1gp,,jlp,jesseleepeterson,,,,,
,1gq,,jlp,beta!,,,,,
,1gr,,jlp,beta!,,,,,
,1gs,,cat,listening,,,,,
,1gt,,jlp,jesseleepeterson,,,,,
,1gu,,jlp,jesseleepeterson,,,,,
,1gv,,jlp,jesseleepeterson,plays,minecraft,,,
,1gw,,,,,,,,
,1gx,,,,,,,,
,1gy,,,,,,,,
,1gz,,,,,,,,
,1h0,,,,,,,,
,1h1,,paultown,arsonist,fire,flames,,,
,1h2,,nickfuentes,,,,,,
,1h3,,nickfuentes,,,,,,
,1h4,,woozuh,sunglasses,,,,,
,1h5,,woozuh,sunglasses,smile,,,,
,1h6,,goodmorning,jesuslovesyou,,,,,
,1h7,,goodmorning,,,,,,
,1h8,,mylittlepony,brony,mlp,rainbowdash,,,
,1h9,,pepe,dunce,sad,retarded,,,
,1ha,,squidward,frown,,,,,
,1hb,,cool,80s,,,,,
,1hc,,doge,,,,,,
,1hd,,pigger,paypig,pogo,,,,
,1he,,afro,,,,,,
,1hf,,sweetback,,,,,,
,1hg,,nickfuentes,,,,,,
,1hh,,gorilla,,,,,,
,1hi,,tank,z,,,,,
,1hj,,ux,,,,,,
,1hk,,cat,,,,,,
,1hl,,,,,,,,
,1hm,,bigchungus,,,,,,
,1hn,,lasereyes,patrickhowley,,,,,
,1ho,,patrickhowley,,,,,,
,1hp,,vs,,,,,,
,1hq,,,,,,,,
,1hr,,soyface,,,,,,
,1hs,,edheadsriseup,,,,,,
,1ht,,minions,,,,,,
,1hu,,minions,laughing,,,,,
,1hv,,listening,,,,,,
,1hw,,,,,,,,
,1hx,,,,,,,,
,1hy,,,,,,,,
,1hz,,,,,,,,
,1i0,,angelsarebeing,,,,,,
,1i1,,jlp,jesseleepeterson,,,,,
,1i2,,morewhitebabies,,,,,,
,1i3,,jlp,jesseleepeterson,,,,,
,1i4,,,,,,,,
,1i5,,z,,,,,,
,1i6,,pepe,shower,,,,,
,1i7,,pepe,music,,,,,
,1i8,,bugman,,,,,,
,1i9,,minions,emo,,,,,
,1ia,,,,,,,,
,1ib,,jews,dancing,,,,,
,1ic,,,,,,,,
,1id,,elmo,fire,flames,,,,
,1ie,,yes,,,,,,
,1if,,no,,,,,,
,1ig,,womanmoment,,,,,,
,1ih,,womanmoment,,,,,,
,1ii,,burkanow,,,,,,
,1ij,,burkanow,,,,,,
,1ik,,silencewoman,,,,,,
,1il,,backbencher,,,,,,
,1im,,womanmoment,,,,,,
,1in,,veyta,trans,tranny,flag,veronica,,
,1io,,veyta,veronica,tranny,trans,,,
,1ip,,veyta,veronica,tranny,trans,,,
,1iq,,chair,,,,,,
,1ir,,,,,,,,
,1is,,smash,,,,,,
,1it,,smash,,,,,,
,1iu,,smash,,,,,,
,1iv,,pass,,,,,,
,1iw,,,,,,,,
,1ix,,,,,,,,
,1iy,,,,,,,,
,1iz,,,,,,,,
,1j0,,pass,,,,,,
,1j1,,smash,,,,,,
,1j2,,it'ssoover,itssoover,,,,,
,1j3,,weresoback,we'resoback,,,,,
,1j4,,z,,,,,,
,1j5,,groyper,cheers,,,,,
,1j6,,pogo,,,,,,
,1j7,,pepe,scared,,,,,
,1j8,,pepe,,,,,,
,1j9,,cwc,culturewarcriminal,fuckyou,middlefinger,,,
,1ja,,vladimirputin,,,,,,
,1jb,,veyta,gayta,ux,,,,
,1jc,,burka,,,,,,
,1jd,,ux,nickfuentes,,,,,
,1je,,ux,,,,,,
,1jf,,ux,,,,,,
,1jg,,veyta,gayta,ux,,,,
,1jh,,,,,,,,
,1ji,,dasrite,black,nigga,,,,
,1jj,,,,,,,,
,1jk,,frog,,,,,,
,1jl,,frog,,,,,,
,1jm,,flemenco,fagmenco,,,,,
,1jn,,flemenco,fagmenco,,,,,
,1jo,,crp,coachredpill,,,,,
,1jp,,anime,tokyoghoul,kaneki,,,,
,1jq,,anime,tokyoghoul,kaneki,,,,
,1jr,,anime,tokyoghoul,kaneki,,,,
,1js,,anime,tokyoghoul,kaneki,,,,
,1jt,,anime,tokyoghoul,kaneki,,,,
,1ju,,anime,tokyoghoul,kaneki,,,,
,1jv,,jesuschrist,,,,,,
,1jw,,,,,,,,
,1jx,,,,,,,,
,1jy,,,,,,,,
,1jz,,,,,,,,
,1k0,,grug,,,,,,
,1k1,,bigbrain,,,,,,
,1k2,,lmao,,,,,,
,1k3,,followbakedalaska,yoba,,,,,
,1k4,,bigbrain,,,,,,
,1k5,,arms,handshake,brothers,,,,
,1k6,,arms,handshake,brothers,,,,
,1k7,,followbakedalaska,yoba,,,,,
,1k8,,patrickstar,,,,,,
,1k9,,hamburger,,,,,,
,1ka,,anime,supersaiyan,dragonballz,dbz,goku,,
,1kb,,tenryo,fingerpointing,,,,,
,1kc,,anime,,,,,,
,1kd,,anime,,,,,,
,1ke,,pepe,listening,music,,,,
,1kf,,pepe,listening,music,,,,
,1kg,,doge,howlergang,,,,,
,1kh,,mrmetokur,mistermetokur,jimmetokur,medicare,,,
,1ki,,pepe,hbdflam,happybirthdayflam,flamenco,fagmenco,,
,1kj,,ethanralph,pig,,,,,
,1kk,,pepe,listening,music,,,,
,1kl,,waving,,,,,,
,1km,,waving,,,,,,
,1kn,,cat,nodding,jamming,,,,
,1ko,,elonmusk,,,,,,
,1kp,,bigtech,,,,,,
,1kq,,seal,,,,,,
,1kr,,walrus,king,,,,,
,1ks,,groyper,,,,,,
,1kt,,sunglasses,pepe,,,,,
,1ku,,pepe,,,,,,
,1kv,,n,nigga,,,,,
,1kw,,,,,,,,
,1kx,,,,,,,,
,1ky,,,,,,,,
,1kz,,,,,,,,
,1l0,,brittany,politicallyprovoked,pp,,,,
,1l1,,soyface,,,,,,
,1l2,,cat,grimace,,,,,
,1l3,,,,,,,,
,1l4,,jesuschrist,,,,,,
,1l5,,astronaut,,,,,,
,1l6,,aflogo,,,,,,
,1l7,,cat,evil,,,,,
,1l8,,andywarski,,,,,,
,1l9,,jimbo,,,,,,
,1la,,veyta,gun,,,,,
,1lb,,veyta,gun,,,,,
,1lc,,spam,,,,,,
,1ld,,pepe,saxophone,,,,,
,1le,,trumpet,groyper,music,,,,
,1lf,,pepe,,,,,,
,1lg,,dunce,pepe,,,,,
,1lh,,drums,pepe,music,,,,
,1li,,pepe,maracas,mexican,music,,,
,1lj,,pepe,scared,worried,,,,
,1lk,,bigtech,,,,,,
,1ll,,women=property,sign,,,,,
,1lm,,cowboy,pepe,tall,,,,
,1ln,,cowboy,pepe,,,,,
,1lo,,pepe,hug,,,,,
,1lp,,pepe,cowboy,,,,,
,1lq,,pepe,chair,sitting,,,,
,1lr,,groyper,nodding,,,,,
,1ls,,pepe,goose,,,,,
,1lt,,poop,spongebob,,,,,
,1lu,,groyper,nodding,,,,,
,1lv,,pelican,,,,,,
,1lw,,,,,,,,
,1lx,,,,,,,,
,1ly,,,,,,,,
,1lz,,,,,,,,
,1m0,,handsomesquidward,squidward,,,,,
,1m1,,wemadeit,wagmi,wgmi,,,,
,1m2,,reeeeeee,shooting,,,,,
,1m3,,pepe,toilet,pooping,racing,,,
,1m4,,wemadeit,wagmi,wgmi,,,,
,1m5,,wemadeit,wagmi,wgmi,,,,
,1m6,,pepe,lean,leanhead,,,,
,1m7,,duck,,,,,,
,1m8,,lean,leanhead,,,,,
,1m9,,pepe,sitting,chair,,,,
,1ma,,pepe,lean,juicebox,sad,,,
,1mb,,pepe,,,,,,
,1mc,,pepe,kawaii,cute,shy,,,
,1md,,pepe,shooting,gun,,,,
,1me,,pepe,spitting,left,,,,
,1mf,,pepe,lean ,leanhead,,,,
,1mg,,boogie2988,openfire,shooting,gun,,,
,1mh,,lean,leanhead,,,,,
,1mi,,mylittlepony,mlp,brony,rarity,,,
,1mj,,daltonclodfelter,,,,,,
,1mk,,,,,,,,
,1ml,,brittany,politicallyprovoked,,,,,
,1mm,,tree,pitvipers,sunglasses,,,,
,1mn,,chicken,pitvipers,sunglasses,,,,
,1mo,,,,,,,,
,1mp,,pepe,sleeping,gn,,,,
,1mq,,groyper,waving,wave,,,,
,1mr,,pepe,middlefinger,fuckyou,fucku,,,
,1ms,,o7,pepe,,,,,
,1mt,,pepe,anime,hammer,,,,
,1mu,,daltonclodfelter,pogo,,,,,
,1mv,,marching,soldier,,,,,
,1mw,,,,,,,,
,1mx,,,,,,,,
,1my,,,,,,,,
,1mz,,,,,,,,
,1n0,,bigtech,,,,,,
,1n1,,pepe,knife,,,,,
,1n2,,,,,,,,
,1n3,,cat,nodding,,,,,
,1n4,,cat,shaking,,,,,
,1n5,,chatlikedthat,,,,,,
,1n6,,stewpeters,stewcrew,,,,,
,1n7,,rpg,redpillgamingtv,redpillgangtv,rpgtv,,,
,1n8,,jughead,,,,,,
,1n9,,pepe,flower,,,,,
,1na,,gun,lasereyes,,,,,
,1nb,,pepe,wizard,crystalball,,,,
,1nc,,brittany,politicallyprovoked,,,,,
,1nd,,brittany,politicallyprovoked,,,,,
,1ne,,thejoker,smiling,,,,,
,1nf,,pepe,listening,music,,,,
,1ng,,patrickstar,laughing,,,,,
,1nh,,N,nigga,black,,,,
,1ni,,bigtech,,,,,,
,1nj,,pepe,,,,,,
,1nk,,stewpeters,stewcrew,,,,,
,1nl,,stewpeters,stewcrew,,,,,
,1nm,,stewpeters,stewcrew,fokiss,,,,
,1nn,,flamenco,fagmenco,,,,,
,1no,,stitch,gn,,,,,
,1np,,stitch,gn,,,,,
,1nq,,stewpeters,stewcrew,stewworldorder,,,,
,1nr,,,,,,,,
,1ns,,mothermary,,,,,,
,1nt,,mothermary,,,,,,
,1nu,,jesuschrist,,,,,,
,1nv,,,,,,,,
,1nw,,,,,,,,
,1nx,,,,,,,,
,1ny,,,,,,,,
,1nz,,,,,,,,
,1o0,,,,,,,,
,1o1,,,,,,,,
,1o2,,,,,,,,
,1o3,,,,,,,,
,1o4,,jesuschrist,,,,,,
,1o5,,jesuschrist,,,,,,
,1o6,,,,,,,,
,1o7,,,,,,,,
,1o8,,,,,,,,
,1o9,,,,,,,,
,1oa,,jesuschrist,,,,,,
,1ob,,vaticancity,groyper,catholic,,,,
,1oc,,deusvult,,,,,,
,1od,,groyper,,,,,,
,1oe,,yes,,,,,,
,1of,,yes,,,,,,
,1og,,,,,,,,
,1oh,,,,,,,,
,1oi,,modernist,,,,,,
,1oj,,absolutelyantilogos,emichaeljones,dremj,,,,
,1ok,,yes,,,,,,
,1ol,,gigachad,catholic,,,,,
,1om,,deusvult,,,,,,
,1on,,bishop,catholic,,,,,
,1oo,,pitvipers,,,,,,
,1op,,gab.com,o7,frog,,,,
,1oq,,watda,gab.com,frog,,,,
,1or,,rpg,redpillgamingtv,redpillgangtv,,,,
,1os,,stewpeters,stewcrew,lasereyes,,,,
,1ot,,stewpeters,stewcrew,guns,stewcrewalwayswins,,,
,1ou,,stewpeters,stewcrew,gun,lasereyes,stewwick,ballsareonthetable,
,1ov,,stewpeters,stewcrew,stewwill,collectingbounty,,,
,1ow,,,,,,,,
,1ox,,,,,,,,
,1oy,,,,,,,,
,1oz,,,,,,,,
,1p0,,stewpeters,stewcrew,lasereyes,afpaciii,afpac3,,
,1p1,,stewpeters,stewcrew,standingdown,standingby,,,
,1p2,,bpf,bigpapafacist,,,,,
,1p3,,vincejames,baldassnigga,baldandstrong,,,,
,1p4,,vincejames,baldassnigga,baldandstrong,,,,
,1p5,,vincejames,baldassnigga,baldandstrong,,,,
,1p6,,vincejames,baldassnigga,baldandstrong,,,,
,1p7,,vincejames,baldassnigga,baldandstrong,,,,
,1p8,,martinluthur,protestant,soyjak,,,,
,1p9,,,,,,,,
,1pa,,sunglasses,,,,,,
,1pb,,soyjak,,,,,,
,1pc,,tenryo,,,,,,
,1pd,,patrickhowley,king,,,,,
,1pe,,arresthim,arrestheem,ethanralph,ralphamale,,,
,1pf,,jew,dancing,,,,,
,1pg,,jew,happymerchant,,,,,
,1ph,,jew,,,,,,
,1pi,,tesla,,,,,,
,1pj,,whiteoutside,,,,,,
,1pk,,bigtech,,,,,,
,1pl,,bigtech,,,,,,
,1pm,,elijahschaffer,,,,,,
,1pn,,timpool,millenialmatt,,,,,
,1po,,anime,evangelion,rei,,,,
,1pp,,bricks,brickedup,,,,,
,1pq,,,,,,,,
,1pr,,anime,,,,,,
,1ps,,ethanralph,ralphamale,,,,,
,1pt,,duckass,duckbutt,twerking,dancing,,,
,1pu,,provokedpilled,politicallyprovoked,,,,,
,1pv,,groyper,,,,,,
,1pw,,,,,,,,
,1px,,,,,,,,
,1py,,,,,,,,
,1pz,,,,,,,,
,1q0,,lasereyes,patrickstar,,,,,
,1q1,,duck,,,,,,
,1q2,,typer,typing,,,,,
,1q3,,,,,,,,
,1q4,,duckass,duckbutt,twerking,dancing,,,
,1q5,,lasereyes,,,,,,
,1q6,,lasereyes,,,,,,
,1q7,,fingerpointing,pointingright,,,,,
,1q8,,sherlock,dog,,,,,
,1q9,,cat,manul,,,,,
,1qa,,cat,manul,,,,,
,1qb,,bookcat,pusheen,looking,,,,
,1qc,,cat,sniffing,,,,,
,1qd,,,,,,,,
,1qe,,,,,,,,
,1qf,,welcome,rat,,,,,
,1qg,,welcom,rat,,,,,
,1qh,,cat,dalejones,retard,,,,
,1qi,,tylerrussell,,,,,,
,1qj,,calculator,,,,,,
,1qk,,alexanderhamilton,,,,,,
,1ql,,earth,world,globe,,,,
,1qm,,nativeamericans,bewareofforeigninfluence,,,,,
,1qn,,skeleton,,,,,,
,1qo,,bible,,,,,,
,1qp,,pepe,sunglasses,,,,,
,1qq,,nickfuentes,,,,,,
,1qr,,nickfuentes,,,,,,
,1qs,,,,,,,,
,1qt,,,,,,,,
,1qu,,,,,,,,
,1qv,,snoopy,woodstock,peanuts,,,,
,1qw,,,,,,,,
,1qx,,,,,,,,
,1qy,,,,,,,,
,1qz,,,,,,,,
,1r0,,,,,,,,
,1r1,,,,,,,,
,1r2,,pepe,angry,mad,,,,
,1r3,,pepe,boat,,,,,
,1r4,,explosion,atombomb,atomicbomb,hbomb,tsarbomba,,
,1r5,,jet,bomber,,,,,
,1r6,,mad,,,,,,
,1r7,,bookcat,,,,,,
,1r8,,someonetalked!,,,,,,
,1r9,,whitehistorymonth,,,,,,
,1ra,,,,,,,,
,1rb,,sherlock,doog,,,,,
,1rc,,bookcat,reading,pusheen,,,,
,1rd,,,,,,,,
,1re,,,,,,,,
,1rf,,sherlock,doog,,,,,
,1rg,,bookcat,reading,pusheen,,,,
,1rh,,octopus,seal,,,,,
,1ri,,cat,dancing,sneed,,,,
,1rj,,informationawarenessoffice,iao,,,,,
,1rk,,frog,,,,,,
,1rl,,,,,,,,
,1rm,,,,,,,,
,1rn,,tarnseele,,,,,,
,1ro,,bookcat,,,,,,
,1rp,,scroogemcduck,,,,,,
,1rq,,taste_o7,robot,,,,,
,1rr,,alexanderhamilton,,,,,,
,1rs,,bookcat,,,,,,
,1rt,,nothingisbeyondourreach,octopus,,,,,
,1ru,,dog,percival,,,,,
,1rv,,cat,shotgun,,,,,
,1rw,,,,,,,,
,1rx,,,,,,,,
,1ry,,,,,,,,
,1rz,,,,,,,,
,1s0,,,,,,,,
,1s1,,,,,,,,
,1s2,,nativeamericans,bewareofforeigninfluence,flag,sign,,,
,1s3,,honkler,clownworld,,,,,
,1s4,,spongebob,glasses,reading,,,,
,1s5,,spongebob,reading,,,,,
,1s6,,spongebob,reading,,,,,
,1s7,,gary,reading,,,,,
,1s8,,spongebob,reading,,,,,
,1s9,,pepe,cowboy,,,,,
,1sa,,pepe,dancing,rock,music,space,,
,1sb,,globe,world,earth,,,,
,1sc,,globe,world,earth,,,,
,1sd,,,,,,,,
,1se,,flag,hulkhogan,hollywoodhogan,guitar,rock,,
,1sf,,globe,world,earth,,,,
,1sg,,wendell,wendeii,,,,,
,1sh,,,,,,,,
,1si,,wendell,wendeii,,,,,
,1sj,,guns,shooting,pepe,8bit,,,
,1sk,,guns,shooting,pepe,8bit,,,
,1sl,,bookcat,8bit,pusheen,,,,
,1sm,,bookcat,8bit,pusheen,,,,
,1sn,,pepe,sunglasses,,,,,
,1so,,pepe,sunglasses,,,,,
,1sp,,guns,shooting,pepe,8bit,,,
,1sq,,jetplane,,,,,,
,1sr,,pepe,bouncing,hopping,bounce,,,
,1ss,,groyper,bigbrain,,,,,
,1st,,groyper,bigbrain,,,,,
,1su,,pepe,cringe,,,,,
,1sv,,cat,,,,,,
,1sw,,,,,,,,
,1sx,,,,,,,,
,1sy,,,,,,,,
,1sz,,,,,,,,
,1t0,,bigtech,pitvipers,,,,,
,1t1,,stewpeters,stewcrew,,,,,
,1t2,,thanos,sunglasses,,,,,
,1t3,,,,,,,,
,1t4,,sunglasses,anime,berserk,guts,,,
,1t5,,pogo,boseph,,,,,
,1t6,,nickrekieta,rekietalaw,,,,,
,1t7,,emo,,,,,,
,1t8,,pepe,,,,,,
,1t9,,wendy,,,,,,
,1ta,,kingknub,kingnub,,,,,
,1tb,,kingknub,kingnub,,,,,
,1tc,,americanspirit,cigarettes,,,,,
,1td,,af,flames,,,,,
,1te,,k,killstream,flames,,,,
,1tf,,pepe,laughing,,,,,
,1tg,,pepe,laughing,,,,,
,1th,,pepe,laughing,,,,,
,1ti,,talktothehand,,,,,,
,1tj,,woman,,,,,,
,1tk,,daltonclodfelter,,,,,,
,1tl,,jesuschrist,,,,,,
,1tm,,jesuschrist,cross,,,,,
,1tn,,daltonclodfelter,,,,,,
,1to,,womanmoment,,,,,,
,1tp,,hahaclassic,duck,cigarette,,,,
,1tq,,pope,,,,,,
,1tr,,chad,,,,,,
,1ts,,smiling,,,,,,
,1tt,,priest,father,smiling,,,,
,1tu,,sandwich,spinningfood,spinny,,,,
,1tv,,kiss,pepe,stayer,,,,
,1tw,,,,,,,,
,1tx,,,,,,,,
,1ty,,,,,,,,
,1tz,,,,,,,,
,1u0,,pepe,angry,kicking,,,,
,1u1,,blueeyeswhitedragon,yugioh,anime,,,,
,1u2,,anime,kaiba,destroyed,,,,
,1u3,,dog,,,,,,
,1u4,,dog,,,,,,
,1u5,,dog,,,,,,
,1u6,,cat,,,,,,
,1u7,,dog,,,,,,
,1u8,,dog,,,,,,
,1u9,,dog,,,,,,
,1ua,,cat,,,,,,
,1ub,,dog,driving,,,,,
,1uc,,dog,,,,,,
,1ud,,,,,,,,
,1ue,,,,,,,,
,1uf,,dog,phone,,,,,
,1ug,,dog,pitvipers,sunglasses,,,,
,1uh,,cat,,,,,,
,1ui,,,,,,,,
,1uj,,,,,,,,
,1uk,,,,,,,,
,1ul,,,,,,,,
,1um,,duckass,duckbutt,twerking,dancing,,,
,1un,,pepe,sunglasses,driving,,,,
,1uo,,anime,yugioh,kaiba,laughing,,,
,1up,,,,,,,,
,1uq,,ag,,,,,,
,1ur,,ag,,,,,,
,1us,,watda,whatda,wutda,laurenwitzke,,,
,1ut,,laurenwitzke,gun,,,,,
,1uu,,soyface,yoba,bakedalaska,funkopop,,,
,1uv,,lg4l,laurenwitzke,,,,,
,1uw,,,,,,,,
,1ux,,,,,,,,
,1uy,,,,,,,,
,1uz,,,,,,,,
,1v0,,lg4l,laurenwitzke,,,,,
,1v1,,laurenwitzke,heart,,,,,
,1v2,,yes,laurenwitzke,,,,,
,1v3,,womanmoment,,,,,,
,1v4,,scrapplegang,,,,,,
,1v5,,kanyewest,nickfuentes,,,,,
,1v6,,wakup!!,,,,,,
,1v7,,,,,,,,
,1v8,,homelander,theboys,,,,,
,1v9,,,,,,,,
,1va,,,,,,,,
,1vb,,,,,,,,
,1vc,,watda,whatda,wutda,laurenwitzke,,,
,1vd,,laurenwitzke,gun,,,,,
,1ve,,pepe,,,,,,
,1vf,,pepe,glasses,,,,,
,1vg,,anime,genshinimpact,klee,dancing,,,
,1vh,,anime,genshinimpact,klee,dancing,,,
,1vi,,fornite,salute,o7,,,,
,1vj,,dog,,,,,,
,1vk,,missile,lovecraft,trump,,,,
,1vl,,,,,,,,
,1vm,,minions,cheering,,,,,
,1vn,,groyper,cheers,,,,,
,1vo,,,,,,,,
,1vp,,driver,ryangosling,,,,,
,1vq,,pepe,gun,benny,,,,
,1vr,,trollface,,,,,,
,1vs,,,,,,,,
,1vt,,,,,,,,
,1vu,,jesuschrist,,,,,,
,1vv,,brittany,politicallyprovoked,pp,,,,
,1vw,,,,,,,,
,1vx,,,,,,,,
,1vy,,,,,,,,
,1vz,,,,,,,,
,1w0,,,,,,,,
,1w1,,,,,,,,
,1w2,,,,,,,,
,1w3,,,,,,,,
,1w4,,,,,,,,
,1w5,,,,,,,,
,1w6,,,,,,,,
,1w7,,,,,,,,
,1w8,,,,,,,,
,1w9,,,,,,,,
,1wa,,,,,,,,
,1wb,,,,,,,,
,1wc,,,,,,,,
,1wd,,,,,,,,
,1we,,,,,,,,
,1wf,,,,,,,,
,1wg,,,,,,,,
,1wh,,,,,,,,
,1wi,,,,,,,,
,1wj,,,,,,,,
,1wk,,,,,,,,
,1wl,,,,,,,,
,1wm,,,,,,,,
,1wn,,,,,,,,
,1wo,,,,,,,,
,1wp,,,,,,,,
,1wq,,,,,,,,
,1wr,,,,,,,,
,1ws,,,,,,,,
,1wt,,,,,,,,
,1wu,,,,,,,,
,1wv,,,,,,,,
,1ww,,,,,,,,
,1wx,,,,,,,,
,1wy,,,,,,,,
,1wz,,,,,,,,
,1x0,,,,,,,,
,1x1,,,,,,,,
,1x2,,,,,,,,
,1x3,,,,,,,,
,1x4,,,,,,,,
,1x5,,,,,,,,
,1x6,,,,,,,,
,1x7,,,,,,,,
,1x8,,,,,,,,
,1x9,,,,,,,,
,1xa,,,,,,,,
,1xb,,,,,,,,
,1xc,,,,,,,,
,1xd,,,,,,,,
,1xe,,,,,,,,
,1xf,,,,,,,,
,1xg,,,,,,,,
,1xh,,,,,,,,
,1xi,,,,,,,,
,1xj,,,,,,,,
,1xk,,,,,,,,
,1xl,,,,,,,,
,1xm,,,,,,,,
,1xn,,,,,,,,
,1xo,,,,,,,,
,1xp,,,,,,,,
,1xq,,,,,,,,
,1xr,,,,,,,,
,1xs,,,,,,,,
,1xt,,,,,,,,
,1xu,,,,,,,,
,1xv,,,,,,,,
,1xw,,,,,,,,
,1xx,,,,,,,,
,1xy,,,,,,,,
,1xz,,,,,,,,
,1y0,,,,,,,,
,1y1,,,,,,,,
,1y2,,,,,,,,
,1y3,,,,,,,,
,1y4,,,,,,,,
,1y5,,,,,,,,
,1y6,,,,,,,,
,1y7,,,,,,,,
,1y8,,,,,,,,
,1y9,,,,,,,,
,1ya,,,,,,,,
,1yb,,,,,,,,
,1yc,,,,,,,,
,1yd,,,,,,,,
,1ye,,,,,,,,
,1yf,,,,,,,,
,1yg,,,,,,,,
,1yh,,,,,,,,
,1yi,,,,,,,,
,1yj,,,,,,,,
,1yk,,,,,,,,
,1yl,,,,,,,,
,1ym,,,,,,,,
,1yn,,,,,,,,
,1yo,,,,,,,,
,1yp,,,,,,,,
,1yq,,,,,,,,
,1yr,,,,,,,,
,1ys,,,,,,,,
,1yt,,,,,,,,
,1yu,,,,,,,,
,1yv,,,,,,,,
,1yw,,,,,,,,
,1yx,,,,,,,,
,1yy,,,,,,,,
,1yz,,,,,,,,
,1z0,,,,,,,,
,1z1,,,,,,,,
,1z2,,,,,,,,
,1z3,,,,,,,,
,1z4,,,,,,,,
,1z5,,,,,,,,
,1z6,,,,,,,,
,1z7,,,,,,,,
,1z8,,,,,,,,
,1z9,,,,,,,,
,1za,,,,,,,,
,1zb,,,,,,,,
,1zc,,,,,,,,
,1zd,,,,,,,,
,1ze,,,,,,,,
,1zf,,,,,,,,
,1zg,,,,,,,,
,1zh,,,,,,,,
,1zi,,,,,,,,
,1zj,,,,,,,,
,1zk,,,,,,,,
,1zl,,,,,,,,
,1zm,,,,,,,,
,1zn,,,,,,,,
,1zo,,,,,,,,
,1zp,,,,,,,,
,1zq,,,,,,,,
,1zr,,,,,,,,
,1zs,,,,,,,,
,1zt,,,,,,,,
,1zu,,,,,,,,
,1zv,,,,,,,,
,1zw,,,,,,,,
,1zx,,,,,,,,
,1zy,,,,,,,,
,1zz,,,,,,,,
,200,,omeglenow,,,,,,
,201,,omeglenow,,,,,,
,202,,omeglenow,,,,,,
,203,,shawn,angry,,,,,
,204,,anime,,,,,,
,205,,gun,cozy,,,,,
,206,,mothermary,,,,,,
,207,,anime,,,,,,
,208,,dog,,,,,,
,209,,aflogo,pepsilogo,,,,,
,20a,,confederate,flag,lasereyes,,,,
,20b,,cat,,,,,,
,20c,,walterwhite,breakingbad,,,,,
,20d,,squidward,,,,,,
,20e,,dog,,,,,,
,20f,,bibble,cigarette,smoking,,,,
,20g,,it'sma'am,itsmam,,,,,
,20h,,bibble,,,,,,
,20i,,hollywoodbibble,bibble,,,,,
,20j,,bibble,,,,,,
,20k,,kingknub,kingnub,,,,,
,20l,,kingknub,kingnub,,,,,
,20m,,kingknub,kingnub,,,,,
,20n,,kingknub,kingnub,,,,,
,20o,,,,,,,,
,20p,,,,,,,,
,20q,,,,,,,,
,20r,,,,,,,,
,20s,,,,,,,,
,20t,,rpg,jew,,,,,
,20u,,,,,,,,
,20v,,,,,,,,
,20w,,,,,,,,
,20x,,,,,,,,
,20y,,,,,,,,
,20z,,,,,,,,
,210,,,,,,,,
,211,,yoba,ethanralph,,,,,
,212,,yoba,ethanralph,,,,,
,213,,kingbob,minions,,,,,
,214,,homelander,theboys,no,,,,
,215,,donaldtrump,dancing,dance,,,,
,216,,patrickbateman,americanpsycho,dancing,dance,,,
,217,,,,,,,,
,218,,groyper,cigar,smoking,,,,
,219,,pepe,magnifyingglass,inspecting,inspector,,,
,21a,,pepe,hacker,typing,typer,,,
,21b,,groyper,gun,,,,,
,21c,,groyper,cheers,,,,,
,21d,,,,,,,,
,21e,,nickcage,nicholascage,,,,,
,21f,,cheshirecat,,,,,,
,21g,,cat,nekoatsume,,,,,
,21h,,cat,nekoatsume,,,,,
,21i,,cat,distress,screaming,,,,
,21j,,cat,,,,,,
,21k,,spitting,ragecomic,,,,,
,21l,,spitting,ragecomic,,,,,
,21m,,cat,thevoices,schizophrenia,,,,
,21n,,manul,cat,,,,,
,21o,,groyper,cheers,,,,,
,21p,,groyper,cigar,smoking,,,,
,21q,,groyper,cigar,smoking,,,,
,21r,,groyper,cheers,,,,,
,21s,,groyper,cheers,,,,,
,21t,,jew,happymerchant,,,,,
,21u,,cat,pie,,,,,
,21v,,manul,cat,stare,staring,angry,,
,21w,,,,,,,,
,21x,,,,,,,,
,21y,,,,,,,,
,21z,,,,,,,,
,220,,manul,cat,,,,,
,221,,brittany,,,,,,
,222,,brittany,,,,,,
,223,,thinkitdreamitdoit,samhyde,,,,,
,224,,thispostwasfactcheckedbyrealamericanpatriots,TRUE,donaldtrump,,,,
,225,,thispostisforcozytvmembersonly,cozyplus,cozysubscribers,cozypremium,,,
,226,,thismessageisonlyforcozytvsubscribers,cozyplus,cozysubscribers,cozypremium,,,
,227,,ppp,lesbian,fat,,,,
,228,,countryballs,greeceball,,,,,
,229,,countryballs,serbiaball,,,,,
,22a,,countryballs,russiaball,,,,,
,22b,,cat,nodding,,,,,
,22c,,cat,,,,,,
,22d,,gatortime,,,,,,
,22e,,ppp,kinocasino,fat,obese,,,
,22f,,warski,kinocasino,retarded,twerking,,,
,22g,,cwc,culturewarcriminal,manlet,,,,
,22h,,yobacursebitch,yoba,,,,,
,22i,,fedbtw,yoba,,,,,
,22j,,noeggs,emptyeggcarton,,,,,
,22k,,wholechicken,,,,,,
,22l,,paultown,,,,,,
,22m,,cat,kitty,,,,,
,22n,,kitten,flailing,cat,,,,
,22o,,chad,manlet,,,,,
,22p,,,,,,,,
,22q,,paultown,,,,,,
,22r,,gun,,,,,,
,22s,,gun,,,,,,
,22t,,whatda,,,,,,
,22u,,pepe,lasers,lasereyes,,,,
,22v,,pepe,lasers,lasereyes,,,,
,22w,,,,,,,,
,22x,,,,,,,,
,22y,,,,,,,,
,22z,,,,,,,,
,230,,punchwomen,ragecomic,,,,,
,231,,monero,cryptocurrency,,,,,
,232,,,,,,,,
,233,,andywarski,,,,,,
,234,,andywarski,,,,,,
,235,,americanflag,ww2,,,,,
,236,,deporthim,deported,,,,,
,237,,yes,,,,,,
,238,,nope,,,,,,
,239,,womanmoment,,,,,,
,23a,,faggot,gay,,,,,
,23b,,womanmoment,,,,,,
,23c,,womanmoment,,,,,,
,23d,,womanmoment,,,,,,
,23e,,womanmoment,,,,,,
,23f,,womanmoment,,,,,,
,23g,,womanmoment,,,,,,
,23h,,suffer,elmo,fire,,,,
,23i,,michaelalberto,yoma,,,,,
,23j,,repealthe19th,19thamendment,,,,,
,23k,,repealthe19th,19thamendment,,,,,
,23l,,provokeme,,,,,,
,23m,,skip,,,,,,
,23n,,jesuschrist,christianity,,,,,
,23o,,jesuschrist,christianity,,,,,
,23p,,jesuschrist,christianity,,,,,
,23q,,jesuschrist,jesuslovesyou,christianity,,,,
,23r,,cross,jesuschrist,christianity,,,,
,23s,,cross,christianity,,,,,
,23t,,patrick,dumb,retarded,idiot,,,
,23u,,yoba,yobagang,yg4l,,,,
,23v,,yoba,yobagang,yg4l,,,,
,23w,,,,,,,,
,23x,,,,,,,,
,23y,,,,,,,,
,23z,,,,,,,,
,240,,pepe,apu,pepereading,apureading,apuglasses,,
,241,,pepe,bear,pepebear,bearpepe,bearpepenewspaper,newspaper,newspaperbearpepe
,242,,pepe,bear,pepebear,bearpepe,,,
,243,,catjumping,jumpingcat,catgenerator,,,,
,244,,joekentiscia,,,,,,
,245,,,,,,,,
,246,,monkey,monkeypajamas,,,,,
,247,,cat,catstaring,catstare,staring,stare,catweird,weirdcat
,248,,pepe,bear,pepebear,bearpepe,,,
,249,,nuke,nuclearbomb,explosion,,,,
,24a,,thinking,thinkingass,thinkass,,,,
,24b,,goodnight,,,,,,
,24c,,donaldtrump,anime,,,,,
,24d,,ppp,,,,,,
,24e,,nick,,,,,,
,24f,,nick,,,,,,
,24g,,southerndingo,,,,,,
,24h,,thisispreposterous,,,,,,
,24i,,emj,emichaeljones,,,,,
,24j,,emj,emichaeljones,,,,,
,24k,,,,,,,,
,24l,,,,,,,,
,24m,,,,,,,,
,24n,,emj,emichaeljones,logos,,,,
,24o,,,,,,,,
,24p,,doge,,,,,,
,24q,,emj,emichaeljones,logos,,,,
,24r,,,,,,,,
,24s,,,,,,,,
,24t,,,,,,,,
,24u,,,,,,,,
,24v,,,,,,,,
,24w,,,,,,,,
,24x,,,,,,,,
,24y,,,,,,,,
,24z,,,,,,,,
,250,,,,,,,,
,251,,,,,,,,
,252,,,,,,,,
,253,,,,,,,,
,254,,,,,,,,
,255,,,,,,,,
,256,,,,,,,,
,257,,,,,,,,
,258,,,,,,,,
,259,,,,,,,,
,25a,,watda,sonic,yoba,yobacat,,,
,25b,,fedbtw,yoba,yobacat,,,,
,25c,,sonicgang,yoba,yobacat,,,,
,25d,,tailsgang,yoba,yobacat,,,,
,25e,,smash,,,,,,
,25f,,pass,,,,,,
,25g,,,,,,,,
,25h,,bingus,,,,,,
,25i,,,,,,,,
,25j,,smugpepe,,,,,,
,25k,,minion,chikken,,,,,
,25l,,minion,chikken,,,,,
,25m,,rapezone,,,,,,
,25n,,rapezone,,,,,,
,25o,,rapezone,,,,,,
,25p,,,,,,,,
,25q,,sadge,sademoji,3demojisad,,,,
,25r,,,,,,,,
,25s,,alijamal1776,,,,,,
,25t,,o7,,,,,,
,25u,,andywarski,,,,,,
,25v,,andywarski,,,,,,
,25w,,,,,,,,
,25x,,,,,,,,
,25y,,,,,,,,
,25z,,,,,,,,
,260,,andywarski,,,,,,
,261,,andywarski,,,,,,
,262,,cheers,,,,,,
,263,,ttgxhw,tiktokgroyper,harriswalker,,,,
,264,,,,,,,,
,265,,,,,,,,
,266,,,,,,,,
,267,,,,,,,,
,268,,,,,,,,
,269,,,,,,,,
,26a,,,,,,,,
,26b,,piratepeepo,,,,,,
,26c,,peepo,,,,,,
,26d,,,,,,,,
,26e,,,,,,,,
,26f,,yoba,bakedalaska,dancing,yobadance,,,
,26g,,,,,,,,
,26h,,themostcanceledmaninamerica,nickfuentes,,,,,
,26i,,purpleguy,basedbrandt,,,,,
,26j,,michaelalberto,,,,,,
,26k,,cat,,,,,,
,26l,,afpepsi,pepsinitro,,,,,
,26m,,,,,,,,
,26n,,purpleguy,basedbrandt,,,,,
,26o,,purpleguy,basedbrandt,,,,,
,26p,,cozyplays,,,,,,
,26q,,pikachu,,,,,,
,26r,,pikachu,,,,,,
,26s,,pikachu,,,,,,
,26t,,snorlax,pokemon,,,,,
,26u,,snorlax,pokemon,,,,,
,26v,,pokemon,pikachu,,,,,
,26w,,,,,,,,
,26x,,,,,,,,
,26y,,,,,,,,
,26z,,,,,,,,
,270,,,,,,,,
,271,,,,,,,,
,272,,,,,,,,
,273,,,,,,,,
,274,,,,,,,,
,275,,,,,,,,
,276,,pokemon,pikachu,,,,,
,277,,pokemon,pikachu,,,,,
,278,,pokemon,pikachu,,,,,
,279,,confederate,basedbrandt,,,,,
,27a,,peepo,pepethefrog,,,,,
,27b,,,,,,,,
,27c,,pikachu,,,,,,
,27d,,pikachu,,,,,,
,27e,,pokeballs,,,,,,
,27f,,,,,,,,
,27g,,,,,,,,
,27h,,,,,,,,
,27i,,,,,,,,
,27j,,,,,,,,
,27k,,,,,,,,
,27l,,,,,,,,
,27m,,,,,,,,
,27n,,,,,,,,
,27o,,,,,,,,
,27p,,,,,,,,
,27q,,confederate,,,,,,
,27r,,confederate,,,,,,
,27s,,,,,,,,
,27t,,confederate,,,,,,
,27u,,,,,,,,
,27v,,,,,,,,
,27w,,,,,,,,
,27x,,,,,,,,
,27y,,,,,,,,
,27z,,,,,,,,
,280,,,,,,,,
,281,,,,,,,,
,282,,squirtle,pokemon,pokemonsquirtle,,,,
,283,,,,,,,,
,284,,putin,,,,,,
,285,,,,,,,,
,286,,,,,,,,
,287,,,,,,,,
,288,,getoutfrog,rainbowfrog,,,,,
,289,,,,,,,,
,28a,,trumplasereyes,,,,,,
,28b,,,,,,,,
,28c,,pikachu,surprisedpikachu,,,,,
,28d,,,,,,,,
,28e,,,,,,,,
,28f,,,,,,,,
,28g,,pokemonwartortle,,,,,,
,28h,,pikachugun,,,,,,
,28i,,,,,,,,
,28j,,,,,,,,
,28k,,,,,,,,
,28l,,ivysaur,,,,,,
,28m,,pokemon,snorlax,ralphamale,pokemonsnorlax,,,
,28n,,,,,,,,
,28o,,,,,,,,
,28p,,pokemongastly,,,,,,
,28q,,pokemoncharizard,,,,,,
,28r,,thisismichaelalberto,,,,,,
,28s,,livemichaelalbertoreaction,,,,,,
,28t,,basharalassad,,,,,,
,28u,,pokemonblastoise,,,,,,
,28v,,pokemonvenusaur,,,,,,
,28w,,,,,,,,
,28x,,,,,,,,
,28y,,,,,,,,
,28z,,,,,,,,
,290,,pokemondratini,,,,,,
,291,,pokemonmagicarp,,,,,,
,292,,pokemonmachamp,,,,,,
,293,,pokemontentacool,,,,,,
,294,,pokemonslowpoke,,,,,,
,295,,pokemonseel,seel,,,,,
,296,,startbutton,,,,,,
,297,,pokemon,lapras,,,,,
,298,,pokemongo,,,,,,
,299,,,,,,,,
,29a,,michaelalberto,michaelalbertomcdonalds,,,,,
,29b,,selectbutton,,,,,,
,29c,,selectbutton,,,,,,
,29d,,selectbutton,,,,,,
,29e,,startbutton,,,,,,
,29f,,bbutton,pressb,,,,,
,29g,,abutton,pressa,,,,,
,29h,,pokemon,articuno,,,,,
,29i,,nicktheknife,,,,,,
,29j,,yobadance,bakedalaska,,,,,
,29k,,joeprich,,,,,,
,29l,,andywarski,knockedout,ko,punching,,,
,29m,,anime,dancing,,,,,
,29n,,yoba,peeing,liberals,,,,
,29o,,yobadance,bakedalaska,,,,,
,29p,,yoba,peeing,liberals,,,,
,29q,,yoba,peeing,liberals,,,,
,29r,,,,,,,,
,29s,,,,,,,,
,29t,,,,,,,,
,29u,,,,,,,,
,29v,,,,,,,,
,29w,,,,,,,,
,29x,,,,,,,,
,29y,,,,,,,,
,29z,,,,,,,,
,2a0,,,,,,,,
,2a1,,,,,,,,
,2a2,,,,,,,,
,2a3,,,,,,,,
,2a4,,,,,,,,
,2a5,,,,,,,,
,2a6,,,,,,,,
,2a7,,,,,,,,
,2a8,,,,,,,,
,2a9,,,,,,,,
,2aa,,,,,,,,
,2ab,,,,,,,,
,2ac,,,,,,,,
,2ad,,,,,,,,
,2ae,,,,,,,,
,2af,,,,,,,,
,2ag,,,,,,,,
,2ah,,,,,,,,
,2ai,,,,,,,,
,2aj,,,,,,,,
,2ak,,,,,,,,
,2al,,,,,,,,
,2am,,,,,,,,
,2an,,,,,,,,
,2ao,,,,,,,,
,2ap,,,,,,,,
,2aq,,,,,,,,
,2ar,,,,,,,,
,2as,,,,,,,,
,2at,,,,,,,,
,2au,,,,,,,,
,2av,,,,,,,,
,2aw,,,,,,,,
,2ax,,,,,,,,
,2ay,,,,,,,,
,2az,,,,,,,,
,2b0,,,,,,,,
,2b1,,,,,,,,
,2b2,,,,,,,,
,2b3,,,,,,,,
,2b4,,,,,,,,
,2b5,,,,,,,,
,2b6,,,,,,,,
,2b7,,,,,,,,
,2b8,,,,,,,,
,2b9,,,,,,,,
,2ba,,,,,,,,
,2bb,,,,,,,,
,2bc,,,,,,,,
,2bd,,,,,,,,
,2be,,,,,,,,
,2bf,,,,,,,,
,2bg,,,,,,,,
,2bh,,,,,,,,
,2bi,,,,,,,,
,2bj,,,,,,,,
,2bk,,,,,,,,
,2bl,,,,,,,,
,2bm,,,,,,,,
,2bn,,,,,,,,
,2bo,,,,,,,,
,2bp,,,,,,,,
,2bq,,,,,,,,
,2br,,,,,,,,
,2bs,,,,,,,,
,2bt,,,,,,,,
,2bu,,,,,,,,
,2bv,,,,,,,,
,2bw,,,,,,,,
,2bx,,,,,,,,
,2by,,,,,,,,
,2bz,,,,,,,,
,2c0,,,,,,,,
,2c1,,,,,,,,
,2c2,,,,,,,,
,2c3,,,,,,,,
,2c4,,,,,,,,
,2c5,,,,,,,,
,2c6,,,,,,,,
,2c7,,,,,,,,
,2c8,,,,,,,,
,2c9,,,,,,,,
,2ca,,,,,,,,
,2cb,,,,,,,,
,2cc,,,,,,,,
,2cd,,,,,,,,
,2ce,,,,,,,,
,2cf,,,,,,,,
,2cg,,,,,,,,
,2ch,,,,,,,,
,2ci,,,,,,,,
,2cj,,,,,,,,
,2ck,,,,,,,,
,2cl,,,,,,,,
,2cm,,,,,,,,
,2cn,,,,,,,,
,2co,,,,,,,,
,2cp,,,,,,,,
,2cq,,,,,,,,
,2cr,,,,,,,,
,2cs,,,,,,,,
,2ct,,,,,,,,
,2cu,,,,,,,,
,2cv,,,,,,,,
,2cw,,,,,,,,
,2cx,,,,,,,,
,2cy,,,,,,,,
,2cz,,,,,,,,
,2d0,,,,,,,,
,2d1,,,,,,,,
,2d2,,,,,,,,
,2d3,,,,,,,,
,2d4,,,,,,,,
,2d5,,,,,,,,
,2d6,,,,,,,,
,2d7,,,,,,,,
,2d8,,,,,,,,
,2d9,,,,,,,,
,2da,,,,,,,,
,2db,,,,,,,,
,2dc,,,,,,,,
,2dd,,,,,,,,
,2de,,,,,,,,
,2df,,,,,,,,
,2dg,,,,,,,,
,2dh,,,,,,,,
,2di,,,,,,,,
,2dj,,,,,,,,
,2dk,,,,,,,,
,2dl,,,,,,,,
,2dm,,,,,,,,
,2dn,,,,,,,,
,2do,,,,,,,,
,2dp,,,,,,,,
,2dq,,,,,,,,
,2dr,,,,,,,,
,2ds,,,,,,,,
